build_id,sast_critical,sast_high,dast_critical,sca_max_cvss,sca_vulnerable_pkg_count,phi_leak_risk_score,unencrypted_data_flows,iac_misconfig_score,compliance_penalty,historical_breach_factor,predicted_risk_score,breach_incident_label
BUILD-10000,0,0,0,8.3,3,89.5,1,42.8,5.8,0.57,31.9,0
BUILD-10001,2,2,2,8.37,1,45.4,1,43.0,11.3,0.65,71.7,1
BUILD-10002,0,0,0,8.15,2,45.6,1,20.6,15.4,0.75,32.6,0
BUILD-10003,0,1,0,6.45,3,51.5,1,30.6,99.0,0.84,50.5,0
BUILD-10004,0,2,0,3.66,3,52.0,1,32.1,34.4,0.96,50.6,0
BUILD-10005,2,1,1,3.04,1,95.0,1,37.5,29.2,0.8,72.5,1
BUILD-10006,0,3,2,0.09,3,64.9,2,26.0,5.2,0.84,75.6,1
BUILD-10007,2,1,0,8.34,0,27.7,3,25.5,63.5,0.66,68.9,1
BUILD-10008,0,1,0,0.87,1,53.2,3,31.6,65.2,0.84,60.5,1
BUILD-10009,0,2,0,6.31,3,62.7,1,35.2,17.5,0.72,37.1,0
BUILD-10010,0,0,0,5.04,0,64.0,2,17.3,91.9,0.93,53.8,0
BUILD-10011,1,1,1,5.27,2,58.5,0,16.5,80.0,0.7,47.5,0
BUILD-10012,0,1,0,9.27,3,17.8,2,13.5,23.0,0.73,43.6,0
BUILD-10013,1,2,0,0.32,4,3.4,2,27.4,48.6,0.72,52.3,0
BUILD-10014,0,1,1,7.73,1,33.8,2,18.0,45.8,0.91,68.2,1
BUILD-10015,0,2,1,0.52,3,42.8,2,27.0,34.9,0.98,72.4,1
BUILD-10016,1,2,0,0.38,0,6.2,0,20.3,81.8,0.66,32.4,0
BUILD-10017,0,0,0,4.3,1,81.5,0,41.8,10.9,0.74,20.3,0
BUILD-10018,1,4,1,0.63,1,34.4,0,3.7,41.5,0.85,58.9,0
BUILD-10019,0,3,1,7.89,3,91.4,1,28.6,42.8,0.95,87.7,1
BUILD-10020,1,0,0,5.3,2,15.4,0,28.8,46.9,0.75,27.0,0
BUILD-10021,0,1,3,0.29,0,5.7,0,19.2,86.1,0.55,37.0,0
BUILD-10022,3,1,3,0.41,2,48.2,1,21.1,21.8,0.68,80.1,1
BUILD-10023,0,2,0,6.13,2,18.9,1,40.0,10.3,0.78,31.8,0
BUILD-10024,1,1,1,8.06,4,93.7,2,14.0,61.8,0.71,77.3,1
BUILD-10025,0,0,0,4.38,3,1.0,1,43.6,17.4,0.59,17.1,0
BUILD-10026,1,0,0,5.55,5,41.3,1,44.8,7.5,0.52,27.1,0
BUILD-10027,1,1,0,8.0,2,92.7,1,32.5,42.7,0.84,67.5,1
BUILD-10028,1,1,0,6.11,4,38.4,2,38.6,22.0,1.0,69.2,1
BUILD-10029,1,1,0,2.25,3,9.3,0,30.6,36.1,0.96,39.4,0
BUILD-10030,0,4,1,6.13,5,30.3,0,26.3,26.0,0.84,53.1,0
BUILD-10031,4,0,0,6.28,0,49.8,2,48.3,9.3,0.92,90.1,1
BUILD-10032,1,3,0,7.34,1,18.5,1,14.1,56.0,0.63,40.3,0
BUILD-10033,0,4,0,6.21,2,46.7,1,7.7,2.7,0.81,41.1,0
BUILD-10034,0,1,0,9.69,2,83.6,0,14.4,96.6,0.53,34.3,0
BUILD-10035,0,1,1,1.97,1,87.3,0,30.7,34.1,0.85,42.7,0
BUILD-10036,0,1,1,9.51,3,4.9,1,9.3,69.5,0.98,67.0,1
BUILD-10037,0,0,0,5.38,6,16.1,0,45.4,81.0,0.93,37.7,0
BUILD-10038,1,3,0,6.72,5,27.5,0,20.6,27.9,0.77,43.9,0
BUILD-10039,0,2,0,0.99,0,59.5,0,42.5,74.9,0.89,42.7,0
BUILD-10040,1,1,2,3.81,2,36.1,1,12.5,83.2,0.97,84.7,1
BUILD-10041,1,3,0,7.69,0,84.4,1,15.7,24.1,0.61,48.7,0
BUILD-10042,2,4,0,7.07,3,71.7,3,3.0,99.2,0.9,100.0,1
BUILD-10043,0,0,0,0.4,1,10.0,1,12.9,2.1,0.63,11.3,0
BUILD-10044,2,3,1,5.47,4,62.5,2,24.5,21.7,0.94,100.0,1
BUILD-10045,1,1,1,0.88,2,11.3,1,47.3,78.0,0.55,41.6,0
BUILD-10046,0,2,0,9.96,3,25.5,1,19.4,19.4,0.59,34.0,0
BUILD-10047,0,1,0,8.97,0,17.8,0,32.0,69.8,0.86,38.6,0
BUILD-10048,2,1,0,0.21,2,17.3,0,21.4,85.6,0.59,37.5,0
BUILD-10049,0,3,1,8.59,2,61.6,1,2.3,95.9,0.58,53.7,0
BUILD-10050,0,2,1,9.19,1,56.4,0,25.2,47.4,0.78,52.2,0
BUILD-10051,0,2,1,3.54,4,17.6,1,3.3,97.1,0.92,63.4,1
BUILD-10052,2,0,3,7.2,1,99.0,1,44.2,41.2,0.63,71.8,1
BUILD-10053,1,1,1,4.42,1,42.2,2,37.7,21.8,0.92,70.5,1
BUILD-10054,2,1,0,6.55,1,9.7,3,18.9,51.4,0.9,77.4,1
BUILD-10055,1,2,0,3.4,3,12.1,0,32.0,65.0,0.79,42.9,0
BUILD-10056,1,3,0,3.23,2,58.4,0,5.6,45.8,0.82,47.8,0
BUILD-10057,0,3,1,4.24,0,97.9,1,35.1,56.7,0.52,41.5,0
BUILD-10058,0,2,0,1.46,6,57.2,0,41.1,41.6,0.68,34.9,0
BUILD-10059,0,0,1,8.31,2,94.9,0,41.1,52.5,0.63,41.7,0
BUILD-10060,1,2,1,3.49,1,44.4,2,14.2,95.3,0.58,55.1,0
BUILD-10061,2,0,0,4.0,1,43.6,3,13.2,50.0,0.69,58.5,0
BUILD-10062,0,2,0,8.94,4,50.0,1,26.1,25.3,0.68,44.2,0
BUILD-10063,1,3,3,4.97,4,69.7,1,48.4,75.9,0.86,100.0,1
BUILD-10064,0,1,0,5.44,2,36.8,0,46.0,33.8,0.8,26.3,0
BUILD-10065,0,3,0,9.56,5,86.4,1,18.0,81.6,0.96,88.1,1
BUILD-10066,0,1,0,8.87,1,2.9,0,39.0,5.7,0.57,17.7,0
BUILD-10067,3,0,0,1.69,0,44.0,1,46.1,33.2,0.53,40.6,0
BUILD-10068,1,3,1,4.73,4,51.1,0,13.0,9.4,0.77,51.3,0
BUILD-10069,2,0,0,9.71,7,60.7,2,41.5,8.5,0.5,49.7,0
BUILD-10070,1,2,2,3.72,3,27.6,1,13.4,65.8,0.89,80.3,1
BUILD-10071,0,2,0,3.72,2,42.7,1,17.2,38.5,0.75,35.4,0
BUILD-10072,0,4,0,1.95,1,48.5,2,9.9,87.1,0.74,58.7,0
BUILD-10073,0,3,0,1.14,2,68.7,0,25.4,51.6,0.68,35.0,0
BUILD-10074,2,2,1,7.4,1,77.4,0,42.2,29.5,0.69,57.4,0
BUILD-10075,1,2,2,7.7,1,73.8,2,26.4,72.1,0.72,88.0,1
BUILD-10076,0,3,0,9.69,3,34.2,3,6.2,62.4,0.51,48.2,0
BUILD-10077,0,2,0,7.73,3,99.9,1,12.6,80.0,0.54,43.2,0
BUILD-10078,0,2,1,2.43,6,84.9,0,28.1,64.4,0.75,53.6,0
BUILD-10079,1,0,0,0.4,3,26.0,1,29.2,16.7,0.58,25.9,0
BUILD-10080,1,2,0,9.85,1,19.5,0,28.8,67.0,0.89,59.8,0
BUILD-10081,0,1,0,3.4,4,31.4,1,3.9,39.2,0.64,25.7,0
BUILD-10082,2,2,1,3.12,3,45.2,0,37.7,46.3,0.55,46.1,0
BUILD-10083,1,2,0,9.06,2,85.1,2,45.5,92.2,0.62,69.0,1
BUILD-10084,0,2,0,5.85,7,77.8,0,25.5,36.0,0.68,36.0,0
BUILD-10085,0,2,0,2.15,1,85.1,2,35.9,61.2,0.52,37.9,0
BUILD-10086,1,2,2,8.89,0,27.2,0,45.7,36.3,0.57,49.4,0
BUILD-10087,0,2,0,9.93,1,59.3,0,32.1,9.5,0.66,32.4,0
BUILD-10088,0,1,0,0.87,2,28.3,2,33.7,45.4,0.66,35.7,0
BUILD-10089,1,2,0,8.62,5,10.9,0,36.1,59.7,0.9,63.9,1
BUILD-10090,0,4,0,3.91,1,68.4,1,13.0,40.8,0.92,57.3,0
BUILD-10091,2,0,1,5.24,2,14.3,0,29.1,39.1,0.6,36.3,0
BUILD-10092,2,0,1,9.15,1,66.8,1,42.1,82.0,0.56,59.2,0
BUILD-10093,1,1,1,9.73,2,64.8,0,14.8,3.0,0.82,55.0,0
BUILD-10094,1,0,1,2.62,1,81.0,0,44.9,29.6,0.9,52.4,0
BUILD-10095,1,3,0,2.13,0,14.0,1,31.0,81.2,0.98,68.6,1
BUILD-10096,1,0,1,0.81,1,78.3,0,21.2,92.1,0.5,33.5,0
BUILD-10097,0,0,1,5.62,4,99.9,0,31.2,41.2,0.71,38.1,0
BUILD-10098,0,3,0,0.14,0,85.1,1,20.1,88.9,0.87,60.2,1
BUILD-10099,1,1,0,4.12,2,75.2,1,41.9,19.9,0.91,55.8,0
BUILD-10100,0,2,0,0.73,3,66.2,0,24.1,22.1,0.53,21.1,0
BUILD-10101,1,0,0,4.05,1,42.2,1,45.1,84.6,0.84,51.9,0
BUILD-10102,1,0,0,0.4,2,73.1,2,25.5,90.3,0.64,50.1,0
BUILD-10103,1,2,1,8.35,3,72.4,0,33.0,22.3,0.54,44.3,0
BUILD-10104,1,0,0,2.1,4,63.1,1,49.9,5.9,0.74,40.7,0
BUILD-10105,0,0,0,3.28,3,79.6,1,7.3,9.0,0.58,20.4,0
BUILD-10106,0,2,0,8.7,5,44.9,0,36.8,26.1,0.87,49.2,0
BUILD-10107,2,2,0,7.46,1,12.1,0,6.9,76.1,0.87,54.0,0
BUILD-10108,2,2,1,2.19,2,55.9,0,41.9,51.0,0.92,78.9,1
BUILD-10109,1,3,0,0.72,2,26.5,1,29.8,45.6,0.69,46.9,0
BUILD-10110,0,2,1,7.16,2,38.4,0,46.9,58.4,0.51,29.3,0
BUILD-10111,3,3,2,3.91,3,1.7,2,43.3,89.0,0.63,88.8,1
BUILD-10112,0,2,0,7.66,2,38.3,1,3.7,9.0,0.73,36.0,0
BUILD-10113,4,1,0,4.45,2,80.9,0,6.9,69.5,0.85,82.2,1
BUILD-10114,0,3,0,3.46,5,54.3,1,30.1,92.7,0.69,52.1,0
BUILD-10115,0,1,1,4.51,2,1.0,3,25.9,21.3,0.77,50.8,0
BUILD-10116,2,1,1,7.49,2,47.0,0,8.4,83.8,0.76,59.8,0
BUILD-10117,0,0,1,9.02,3,29.1,0,6.5,69.8,0.58,31.4,0
BUILD-10118,1,1,0,0.5,1,47.8,1,28.2,1.4,0.81,38.6,0
BUILD-10119,0,1,0,5.24,3,40.5,0,2.4,23.2,0.72,18.0,0
BUILD-10120,1,3,0,0.33,1,93.2,0,43.7,60.6,0.9,66.0,1
BUILD-10121,1,0,0,4.68,2,4.1,0,40.4,50.2,0.85,31.3,0
BUILD-10122,1,1,1,8.85,2,68.4,0,39.3,52.8,0.56,45.8,0
BUILD-10123,0,1,0,3.62,2,85.1,0,0.8,23.2,0.74,23.1,0
BUILD-10124,2,1,1,9.32,2,95.9,2,2.4,67.5,0.85,100.0,1
BUILD-10125,1,1,2,6.31,5,17.8,3,27.5,26.6,0.54,55.3,0
BUILD-10126,0,1,0,9.34,3,53.1,0,49.7,38.9,0.9,48.8,0
BUILD-10127,0,0,0,7.57,0,4.4,0,17.1,36.9,0.61,14.6,0
BUILD-10128,0,1,1,1.03,1,49.9,0,17.2,67.2,0.75,35.9,0
BUILD-10129,0,2,1,2.31,1,12.5,0,6.7,9.0,0.97,31.5,0
BUILD-10130,1,2,0,3.94,0,83.8,0,33.7,20.6,0.79,41.7,0
BUILD-10131,2,0,1,1.7,2,11.4,0,32.3,20.0,0.71,40.0,0
BUILD-10132,1,1,0,4.95,4,51.3,2,5.1,10.8,0.5,31.5,0
BUILD-10133,1,6,2,4.71,3,52.1,0,23.4,20.8,0.57,57.3,0
BUILD-10134,1,1,0,9.56,0,97.2,0,33.4,60.7,0.79,57.4,0
BUILD-10135,0,1,0,4.34,1,65.5,0,24.7,73.2,0.75,30.8,0
BUILD-10136,1,1,0,7.86,3,28.8,0,33.7,66.0,0.68,43.6,0
BUILD-10137,3,1,1,9.42,3,24.1,2,40.8,47.5,0.96,100.0,1
BUILD-10138,0,1,1,8.77,2,12.8,0,34.3,5.2,0.67,30.9,0
BUILD-10139,1,3,0,2.09,1,75.7,3,30.8,95.9,0.77,84.0,1
BUILD-10140,3,1,2,4.96,1,69.1,0,42.7,16.8,0.78,77.2,1
BUILD-10141,0,1,0,3.48,0,61.0,1,45.0,66.8,0.76,39.5,0
BUILD-10142,1,0,0,4.0,3,4.1,3,19.4,91.3,0.74,57.4,0
BUILD-10143,0,3,0,3.61,2,76.3,0,8.7,69.8,0.67,36.0,0
BUILD-10144,2,0,0,8.26,2,64.2,0,40.9,21.8,0.95,65.2,1
BUILD-10145,1,0,0,4.52,3,96.4,1,10.7,31.6,0.73,42.1,0
BUILD-10146,2,2,1,5.24,1,58.7,0,46.4,3.0,0.76,56.8,0
BUILD-10147,2,1,1,9.82,1,30.4,1,1.1,61.3,0.83,78.0,1
BUILD-10148,2,3,0,0.6,3,38.2,0,46.1,61.3,0.53,43.0,0
BUILD-10149,0,1,1,4.88,3,17.6,0,29.5,72.6,0.89,43.7,0
BUILD-10150,4,0,1,7.74,3,72.3,0,38.7,1.1,0.76,80.8,1
BUILD-10151,1,5,0,1.51,1,70.8,2,19.9,81.8,0.83,86.5,1
BUILD-10152,2,1,1,6.12,0,20.1,0,49.6,73.9,0.89,67.2,1
BUILD-10153,1,2,2,2.39,3,15.8,0,11.4,14.1,0.94,61.2,1
BUILD-10154,0,2,0,8.67,2,7.7,1,13.2,34.8,0.7,36.8,0
BUILD-10155,0,0,0,3.27,2,91.2,0,2.6,63.9,0.91,32.1,0
BUILD-10156,1,0,1,3.29,3,23.3,0,47.0,49.6,0.63,35.2,0
BUILD-10157,1,1,0,5.98,2,34.4,0,22.8,11.5,0.83,30.7,0
BUILD-10158,0,3,0,1.84,6,28.1,1,33.7,8.7,0.55,30.1,0
BUILD-10159,1,1,1,2.85,1,41.4,1,34.4,78.1,0.51,39.2,0
BUILD-10160,0,2,1,4.17,3,71.4,0,43.7,15.6,0.55,30.6,0
BUILD-10161,1,0,1,3.54,3,87.1,0,33.2,17.2,0.66,38.4,0
BUILD-10162,0,2,0,5.25,1,18.3,1,28.1,83.1,0.52,27.3,0
BUILD-10163,1,0,0,6.0,1,68.6,1,35.5,61.2,0.82,49.0,0
BUILD-10164,0,1,0,5.67,1,35.3,0,37.5,60.5,0.66,23.1,0
BUILD-10165,1,0,1,6.54,1,98.1,0,9.3,47.9,0.87,51.1,0
BUILD-10166,0,1,1,3.08,3,29.9,0,5.5,56.9,0.52,22.6,0
BUILD-10167,1,1,0,1.26,2,0.7,1,3.7,60.2,0.61,29.9,0
BUILD-10168,3,0,0,7.61,2,51.6,3,18.7,96.8,0.7,87.5,1
BUILD-10169,0,1,1,8.51,0,15.1,0,24.9,22.3,0.69,30.7,0
BUILD-10170,1,1,0,2.57,1,4.4,0,30.8,21.5,0.57,18.9,0
BUILD-10171,0,1,1,4.07,5,69.8,0,47.9,5.7,1.0,51.4,0
BUILD-10172,0,2,0,4.99,0,73.2,0,16.5,65.8,0.64,28.0,0
BUILD-10173,0,1,0,5.33,2,46.1,0,38.0,54.9,0.86,32.5,0
BUILD-10174,3,3,0,6.59,5,67.7,2,26.6,11.1,0.61,68.3,1
BUILD-10175,0,1,1,0.42,1,53.8,0,11.0,36.5,0.94,38.3,0
BUILD-10176,0,0,0,7.21,1,63.0,1,30.8,17.9,0.69,23.9,0
BUILD-10177,0,2,0,0.62,2,59.7,0,48.4,33.1,0.95,41.6,0
BUILD-10178,1,3,0,4.68,1,66.6,2,6.2,95.1,0.67,61.2,1
BUILD-10179,1,2,0,8.28,0,20.0,1,25.4,68.3,0.5,36.9,0
BUILD-10180,2,1,1,4.51,3,26.9,0,2.6,0.8,0.76,43.8,0
BUILD-10181,1,1,0,1.49,0,44.0,2,16.1,25.3,0.76,45.1,0
BUILD-10182,0,2,1,9.85,1,44.6,0,31.0,1.0,0.56,31.7,0
BUILD-10183,0,2,1,8.89,2,77.4,1,42.1,71.5,0.62,57.0,0
BUILD-10184,1,2,1,7.71,2,36.7,2,36.5,46.9,0.89,89.9,1
BUILD-10185,0,2,1,4.12,0,16.3,0,23.1,99.4,0.52,28.1,0
BUILD-10186,0,2,0,1.84,3,25.1,1,45.5,73.4,0.74,43.4,0
BUILD-10187,0,6,0,9.41,2,21.5,2,15.1,51.8,0.77,74.4,1
BUILD-10188,2,0,0,5.32,0,73.2,3,37.7,80.5,0.84,83.7,1
BUILD-10189,0,2,0,8.52,3,47.0,1,23.7,70.5,0.52,37.1,0
BUILD-10190,1,2,0,3.42,3,70.9,0,44.9,24.4,0.79,46.6,0
BUILD-10191,0,0,0,3.35,2,41.6,1,39.9,53.0,0.5,20.9,0
BUILD-10192,0,2,1,9.86,4,89.0,1,45.1,55.6,0.63,60.8,1
BUILD-10193,0,1,1,5.22,1,98.4,1,10.7,45.1,0.75,46.6,0
BUILD-10194,1,1,0,1.41,2,67.0,2,33.4,17.9,0.96,66.2,1
BUILD-10195,0,4,0,2.2,3,86.4,0,36.9,22.3,0.56,32.8,0
BUILD-10196,0,3,1,4.82,2,50.8,0,37.1,28.1,0.58,33.4,0
BUILD-10197,1,1,0,0.42,4,93.5,1,25.2,1.0,0.83,50.8,0
BUILD-10198,2,0,1,4.63,1,83.2,3,0.6,91.7,0.69,76.9,1
BUILD-10199,0,0,2,4.19,1,99.2,0,13.1,68.6,0.81,51.0,0
BUILD-10200,1,0,0,7.79,5,62.3,3,16.2,69.0,1.0,98.9,1
BUILD-10201,2,2,0,3.55,3,77.9,2,42.6,57.2,0.99,100.0,1
BUILD-10202,0,2,1,9.83,2,54.3,2,42.0,68.9,0.68,67.8,1
BUILD-10203,1,5,1,1.81,5,25.9,2,5.2,98.2,0.75,87.5,1
BUILD-10204,2,1,0,5.91,4,35.5,2,47.5,38.5,0.95,83.3,1
BUILD-10205,2,0,0,0.9,4,89.4,2,9.1,71.3,0.55,50.4,0
BUILD-10206,0,1,1,7.34,5,5.6,1,20.7,36.0,0.73,38.1,0
BUILD-10207,0,2,1,9.95,3,59.1,0,10.8,85.4,0.69,53.8,0
BUILD-10208,0,1,0,8.19,3,37.2,0,43.0,85.8,0.65,38.0,0
BUILD-10209,0,3,2,5.56,1,38.7,0,37.5,90.2,1.0,79.6,1
BUILD-10210,1,2,0,4.85,5,88.5,0,17.7,0.5,0.87,48.4,0
BUILD-10211,0,1,1,8.35,8,85.4,0,34.1,29.8,0.69,52.2,0
BUILD-10212,1,3,0,9.36,0,59.9,2,9.2,13.4,0.91,77.8,1
BUILD-10213,1,0,1,9.89,2,27.3,1,19.1,45.4,0.74,55.7,0
BUILD-10214,0,0,0,3.97,0,47.5,0,18.9,49.5,0.94,21.9,0
BUILD-10215,1,1,0,9.91,0,40.8,1,11.9,25.6,0.63,39.2,0
BUILD-10216,3,4,1,1.56,2,35.4,0,43.8,72.3,0.61,69.0,1
BUILD-10217,0,2,0,2.54,0,10.3,0,33.9,27.0,0.62,16.6,0
BUILD-10218,3,0,0,0.89,2,54.3,2,14.0,85.4,0.77,76.2,1
BUILD-10219,0,1,0,2.72,2,30.2,0,12.1,17.8,0.65,14.2,0
BUILD-10220,1,1,1,7.68,3,66.1,1,0.9,36.7,0.57,46.7,0
BUILD-10221,2,2,1,8.53,1,31.9,0,17.3,62.2,1.0,90.5,1
BUILD-10222,2,3,1,7.79,1,43.1,1,26.3,60.5,0.95,100.0,1
BUILD-10223,2,3,1,6.31,0,5.2,2,13.9,7.8,0.82,71.0,1
BUILD-10224,0,3,0,5.14,4,99.3,0,35.0,84.6,0.95,66.4,1
BUILD-10225,1,1,2,7.09,1,50.8,3,20.6,59.8,0.97,100.0,1
BUILD-10226,0,1,1,3.91,1,2.4,0,15.8,87.0,0.84,36.2,0
BUILD-10227,1,1,1,8.41,2,54.1,1,47.0,86.8,0.76,74.9,1
BUILD-10228,0,0,0,6.77,0,87.0,2,13.1,54.6,0.94,50.0,0
BUILD-10229,3,2,0,6.98,2,77.3,2,19.9,91.1,0.78,92.2,1
BUILD-10230,0,1,0,5.36,2,70.1,0,19.1,84.8,0.56,25.4,0
BUILD-10231,0,3,1,8.85,2,13.9,0,12.1,95.8,0.68,50.8,0
BUILD-10232,0,2,0,2.52,0,65.8,1,10.9,85.0,0.72,40.8,0
BUILD-10233,2,1,0,3.81,4,76.6,0,15.1,82.1,0.97,74.1,1
BUILD-10234,1,1,1,7.78,5,57.2,0,43.2,46.9,0.83,69.0,1
BUILD-10235,1,2,0,4.93,2,89.3,1,38.4,21.2,0.94,65.6,1
BUILD-10236,1,0,1,8.89,1,27.7,1,34.0,91.1,0.88,74.6,1
BUILD-10237,1,3,1,3.46,1,24.2,0,22.9,72.3,0.65,46.5,0
BUILD-10238,0,1,0,3.69,2,87.0,0,25.4,28.2,0.86,32.0,0
BUILD-10239,0,0,2,8.89,1,62.5,2,13.4,34.1,0.6,51.0,0
BUILD-10240,2,0,0,4.64,2,0.1,1,3.7,68.6,0.7,40.8,0
BUILD-10241,0,1,1,5.16,3,35.3,1,16.6,47.8,0.9,50.2,0
BUILD-10242,1,0,1,3.33,2,85.8,0,24.8,8.1,0.81,42.5,0
BUILD-10243,2,2,0,2.77,2,2.7,0,2.9,14.1,0.91,43.6,0
BUILD-10244,0,1,0,6.56,1,0.3,0,4.4,74.6,0.63,16.0,0
BUILD-10245,1,0,0,1.2,5,28.1,1,13.2,32.9,0.87,42.9,0
BUILD-10246,0,0,0,8.79,0,91.4,0,18.4,50.8,0.6,27.3,0
BUILD-10247,4,1,1,7.79,3,90.1,1,19.7,76.7,0.77,100.0,1
BUILD-10248,0,0,1,1.91,0,51.9,1,5.9,75.1,0.72,36.7,0
BUILD-10249,1,2,1,6.94,2,55.3,1,11.3,16.7,0.78,54.5,0
BUILD-10250,0,1,1,6.03,3,33.2,0,13.1,9.8,0.57,20.1,0
BUILD-10251,1,2,2,1.85,2,24.4,1,3.4,59.1,0.68,57.4,0
BUILD-10252,1,1,0,2.73,2,81.5,1,16.3,74.2,0.83,57.7,0
BUILD-10253,1,0,0,4.09,2,10.6,0,3.6,14.9,0.78,18.3,0
BUILD-10254,0,1,0,6.99,3,48.7,0,35.2,37.2,0.77,27.5,0
BUILD-10255,0,6,0,6.39,2,63.4,1,19.3,87.0,0.76,66.1,1
BUILD-10256,2,2,0,5.32,0,10.4,0,16.3,94.4,0.97,63.7,1
BUILD-10257,1,1,0,7.68,1,52.0,0,6.3,45.4,0.97,53.1,0
BUILD-10258,0,2,2,7.58,4,57.8,0,11.3,8.0,0.68,48.7,0
BUILD-10259,1,3,1,6.18,2,74.2,0,11.6,25.8,0.68,47.9,0
BUILD-10260,1,1,0,7.87,2,23.5,3,49.3,23.3,0.78,69.1,1
BUILD-10261,1,3,2,3.34,1,29.3,1,41.8,23.9,0.55,49.1,0
BUILD-10262,3,0,2,8.81,1,57.0,1,0.8,49.4,0.65,74.6,1
BUILD-10263,2,2,1,6.15,2,98.3,2,30.8,58.3,0.62,71.7,1
BUILD-10264,1,0,2,8.22,1,21.7,1,12.8,12.3,0.61,45.1,0
BUILD-10265,1,3,1,5.46,1,98.6,1,5.2,88.9,0.82,79.6,1
BUILD-10266,2,2,0,2.18,3,71.4,0,35.3,62.0,0.69,54.6,0
BUILD-10267,0,4,0,5.42,3,82.6,1,6.6,59.7,0.59,42.3,0
BUILD-10268,2,1,0,3.71,1,9.0,0,22.2,98.7,0.94,59.3,0
BUILD-10269,1,3,0,6.97,3,30.0,0,31.6,62.8,0.94,59.6,0
BUILD-10270,0,0,1,4.76,3,5.8,0,27.7,92.9,0.93,41.6,0
BUILD-10271,1,2,0,8.36,2,37.2,0,48.9,28.6,0.7,45.8,0
BUILD-10272,1,1,0,6.78,1,98.1,0,39.3,24.0,0.53,28.0,0
BUILD-10273,3,1,0,6.85,3,10.5,0,38.7,51.7,0.55,40.5,0
BUILD-10274,0,0,1,2.17,2,56.2,2,17.8,50.9,0.64,40.8,0
BUILD-10275,2,1,1,9.84,2,0.6,0,0.4,22.6,0.61,43.0,0
BUILD-10276,4,0,0,8.42,2,71.3,2,36.7,70.0,0.94,100.0,1
BUILD-10277,0,0,2,7.89,3,19.7,1,50.0,3.0,0.99,67.2,1
BUILD-10278,2,2,2,3.3,1,13.0,1,20.3,69.1,0.91,90.5,1
BUILD-10279,0,0,0,5.36,3,33.7,0,49.3,45.7,0.86,26.8,0
BUILD-10280,0,0,1,1.37,1,77.1,2,7.1,68.9,0.79,53.5,0
BUILD-10281,2,3,0,5.38,5,10.7,0,14.8,47.7,0.88,62.3,1
BUILD-10282,1,2,0,1.46,2,23.0,1,8.5,97.7,0.97,66.5,1
BUILD-10283,3,1,0,5.53,1,0.8,1,23.8,33.5,0.8,58.1,0
BUILD-10284,0,4,0,6.49,2,96.8,0,39.8,98.3,0.58,44.0,0
BUILD-10285,0,2,0,3.9,2,59.2,0,17.0,6.5,0.58,18.5,0
BUILD-10286,0,3,1,4.99,1,72.0,0,45.3,68.4,0.79,55.4,0
BUILD-10287,4,2,1,8.76,0,65.1,2,27.2,45.4,0.67,96.1,1
BUILD-10288,3,1,0,1.09,2,14.4,2,23.3,82.2,0.96,94.8,1
BUILD-10289,1,2,1,7.92,3,59.5,2,39.4,79.0,0.81,93.2,1
BUILD-10290,2,3,1,1.71,1,13.1,0,5.1,80.0,0.84,68.5,1
BUILD-10291,1,2,0,0.37,2,40.1,0,38.7,9.5,0.5,23.4,0
BUILD-10292,0,1,2,1.86,4,56.9,0,12.1,82.2,0.75,52.3,0
BUILD-10293,0,2,0,7.65,2,55.9,2,14.0,21.4,0.72,49.3,0
BUILD-10294,1,2,0,4.05,2,11.9,0,30.0,2.6,0.85,32.7,0
BUILD-10295,1,1,0,8.73,2,3.4,0,45.1,21.8,0.69,35.4,0
BUILD-10296,2,1,0,5.25,2,79.8,2,28.9,47.9,0.99,90.0,1
BUILD-10297,1,0,0,0.22,3,72.6,1,32.4,74.2,0.84,55.9,0
BUILD-10298,0,1,0,7.17,2,8.2,1,38.8,21.9,0.83,28.9,0
BUILD-10299,0,0,1,1.1,1,12.7,0,13.0,11.3,0.96,20.8,0
BUILD-10300,2,2,0,7.89,2,89.3,0,41.4,64.6,1.0,94.7,1
BUILD-10301,0,2,0,1.68,2,76.9,2,20.9,98.4,0.6,47.2,0
BUILD-10302,0,2,0,3.45,1,99.6,1,8.8,60.1,0.91,53.8,0
BUILD-10303,0,0,0,7.61,2,25.4,0,17.5,69.1,0.58,22.5,0
BUILD-10304,0,2,0,9.54,0,48.8,0,12.3,56.1,0.73,37.3,0
BUILD-10305,1,2,0,3.71,4,23.6,0,11.4,78.2,0.55,31.6,0
BUILD-10306,0,3,2,8.29,3,62.3,1,14.1,97.6,0.81,88.5,1
BUILD-10307,1,3,0,1.91,2,11.5,0,9.0,54.4,0.73,38.0,0
BUILD-10308,1,3,1,8.07,5,12.7,1,33.4,41.7,0.81,77.8,1
BUILD-10309,0,2,0,6.57,4,7.2,1,29.0,86.0,0.84,47.8,0
BUILD-10310,3,2,1,1.93,2,69.4,1,32.4,97.0,0.81,98.5,1
BUILD-10311,2,0,0,3.03,1,49.4,0,17.2,12.9,0.65,29.0,0
BUILD-10312,2,2,2,1.32,0,61.8,1,38.5,57.8,0.92,99.1,1
BUILD-10313,0,2,0,3.83,0,87.9,1,6.5,79.2,0.78,45.8,0
BUILD-10314,1,2,0,2.04,2,74.0,0,28.6,53.3,0.74,45.1,0
BUILD-10315,0,0,0,6.44,0,46.2,3,13.8,40.9,0.99,53.4,0
BUILD-10316,0,0,0,9.95,4,98.4,0,26.4,65.5,0.64,38.9,0
BUILD-10317,0,2,1,0.12,1,45.6,1,16.2,27.0,0.76,42.3,0
BUILD-10318,0,1,2,5.41,2,11.2,0,39.5,34.9,0.84,43.8,0
BUILD-10319,0,2,2,5.74,3,99.3,1,44.6,99.2,0.56,57.7,0
BUILD-10320,1,2,1,9.14,2,2.3,1,37.1,63.6,0.68,60.7,1
BUILD-10321,0,4,1,5.06,5,55.0,0,8.8,87.3,0.9,70.1,1
BUILD-10322,1,0,0,5.44,1,30.9,1,13.7,80.8,0.62,32.8,0
BUILD-10323,1,1,1,4.72,0,50.4,1,46.0,65.2,0.75,57.1,0
BUILD-10324,0,0,0,2.69,3,55.9,1,21.9,84.1,0.82,40.9,0
BUILD-10325,0,0,0,0.56,2,24.0,0,47.1,28.7,0.84,19.6,0
BUILD-10326,0,0,0,4.09,3,55.7,0,19.6,63.7,0.86,29.0,0
BUILD-10327,0,1,0,0.53,2,75.6,1,47.6,59.1,0.93,53.3,0
BUILD-10328,0,2,2,5.5,0,26.7,0,46.3,62.2,0.7,45.4,0
BUILD-10329,0,0,1,3.07,2,38.3,1,33.0,16.9,0.85,37.9,0
BUILD-10330,0,1,1,5.34,1,26.8,0,0.4,27.7,0.87,27.7,0
BUILD-10331,1,3,0,1.34,3,82.1,0,20.0,28.7,0.65,41.3,0
BUILD-10332,0,1,1,9.33,3,72.5,2,45.6,60.2,0.98,94.8,1
BUILD-10333,1,3,1,8.95,1,87.1,1,44.3,97.3,0.93,100.0,1
BUILD-10334,0,3,0,1.9,0,17.0,1,9.4,95.4,0.64,35.7,0
BUILD-10335,2,2,0,3.43,3,7.4,2,20.0,22.7,0.84,65.7,1
BUILD-10336,2,1,2,6.13,1,11.9,1,41.8,30.5,0.86,76.2,1
BUILD-10337,0,1,0,0.96,6,16.1,1,28.9,3.6,0.72,27.3,0
BUILD-10338,2,1,1,3.55,2,53.3,3,42.4,39.9,0.93,100.0,1
BUILD-10339,0,1,0,2.51,1,97.1,1,41.3,83.5,0.85,54.1,0
BUILD-10340,0,0,0,9.16,2,35.7,1,45.4,91.6,0.83,53.6,0
BUILD-10341,1,2,3,8.53,2,95.9,0,5.9,23.6,0.61,64.1,1
BUILD-10342,0,1,1,5.8,0,3.8,2,7.3,26.6,0.7,34.4,0
BUILD-10343,1,3,1,5.2,3,92.7,0,4.1,22.1,0.72,53.0,0
BUILD-10344,0,2,1,9.31,1,18.1,0,46.8,35.0,0.87,53.3,0
BUILD-10345,0,2,0,9.32,2,91.2,0,23.8,80.5,0.81,56.7,0
BUILD-10346,2,0,2,9.69,2,5.6,0,3.2,64.7,0.54,47.1,0
BUILD-10347,1,2,1,1.25,3,94.8,0,16.1,78.6,0.65,53.5,0
BUILD-10348,0,1,0,1.61,1,20.1,2,17.6,58.3,0.74,37.3,0
BUILD-10349,1,3,1,6.77,1,30.3,1,40.5,25.8,0.87,67.0,1
BUILD-10350,0,2,1,5.41,2,49.1,0,36.8,22.8,0.87,43.4,0
BUILD-10351,0,0,1,0.18,1,38.1,1,34.5,0.9,0.75,29.6,0
BUILD-10352,0,4,0,0.62,3,66.8,1,1.1,78.1,0.56,40.1,0
BUILD-10353,0,2,0,8.88,1,97.5,1,45.5,84.7,0.65,55.1,0
BUILD-10354,0,3,2,8.69,4,60.6,0,10.8,76.8,0.63,59.9,0
BUILD-10355,0,0,0,3.57,0,72.1,2,31.5,7.4,0.89,38.8,0
BUILD-10356,0,1,0,8.91,2,8.8,0,3.1,76.2,0.59,25.3,0
BUILD-10357,2,2,0,5.94,5,62.8,0,4.1,4.6,0.73,45.9,0
BUILD-10358,1,2,0,8.06,3,45.4,0,0.5,10.6,0.84,46.5,0
BUILD-10359,0,1,0,4.27,3,88.6,1,28.3,44.0,0.98,53.6,0
BUILD-10360,1,1,1,1.13,2,38.8,1,31.5,47.6,1.0,71.1,1
BUILD-10361,1,1,3,4.34,4,67.9,0,2.5,81.6,0.98,94.1,1
BUILD-10362,0,2,0,4.57,3,22.8,0,14.5,68.0,0.86,34.4,0
BUILD-10363,0,3,2,5.51,0,25.9,1,42.6,15.3,0.87,61.9,1
BUILD-10364,0,3,2,1.06,1,37.6,1,5.1,22.6,0.88,61.4,1
BUILD-10365,1,1,0,9.91,6,30.4,0,10.8,28.6,0.93,56.5,0
BUILD-10366,0,1,2,2.44,4,25.4,2,21.2,12.4,0.98,71.2,1
BUILD-10367,2,1,1,1.99,5,5.0,3,42.1,28.8,0.72,75.2,1
BUILD-10368,0,3,1,5.27,3,83.7,0,12.7,72.9,0.71,50.3,0
BUILD-10369,0,3,0,5.37,3,6.4,1,49.9,24.1,0.73,37.6,0
BUILD-10370,0,2,0,4.4,0,88.7,0,17.8,83.5,0.83,42.1,0
BUILD-10371,0,1,1,7.72,2,12.5,1,19.3,47.0,0.89,55.2,0
BUILD-10372,0,0,0,5.17,2,6.5,0,6.1,32.3,0.94,12.4,0
BUILD-10373,0,1,1,6.1,3,56.3,0,34.0,41.2,0.73,36.7,0
BUILD-10374,0,1,0,7.24,1,50.2,1,12.2,70.9,0.68,31.7,0
BUILD-10375,1,1,1,0.25,5,49.1,2,31.4,51.7,0.99,89.9,1
BUILD-10376,1,2,0,5.71,7,57.5,0,11.2,0.7,0.62,32.5,0
BUILD-10377,1,3,0,8.84,3,28.7,0,19.4,92.2,0.61,49.5,0
BUILD-10378,0,3,3,0.17,2,66.3,0,42.8,6.6,0.86,70.4,1
BUILD-10379,3,1,0,4.05,4,50.2,1,36.9,93.9,0.59,60.8,1
BUILD-10380,0,2,0,9.26,1,33.5,1,7.7,2.8,0.7,33.9,0
BUILD-10381,2,1,0,3.53,0,82.7,1,30.4,77.1,0.65,54.0,0
BUILD-10382,1,2,0,4.59,2,72.8,1,31.4,53.5,0.58,42.0,0
BUILD-10383,1,0,1,9.82,2,39.4,1,4.5,50.6,0.79,60.0,1
BUILD-10384,0,1,0,1.99,0,84.8,1,23.3,7.3,0.69,27.2,0
BUILD-10385,0,0,1,0.65,2,92.0,1,13.0,23.9,0.73,38.3,0
BUILD-10386,1,1,0,8.59,0,53.7,1,23.4,77.8,0.6,45.7,0
BUILD-10387,0,1,1,8.68,1,21.5,2,38.9,89.1,0.88,77.0,1
BUILD-10388,1,1,0,4.72,0,91.6,0,7.9,52.9,0.66,33.2,0
BUILD-10389,1,0,0,5.14,2,18.9,0,6.2,35.3,0.67,20.1,0
BUILD-10390,1,2,0,8.36,1,4.8,0,13.5,6.0,0.63,28.9,0
BUILD-10391,0,1,2,7.39,1,32.7,2,47.6,68.2,0.72,61.6,1
BUILD-10392,0,3,0,2.65,0,72.7,0,37.4,27.8,0.73,33.2,0
BUILD-10393,0,0,2,0.17,0,92.3,0,1.0,5.5,0.76,33.2,0
BUILD-10394,0,1,0,4.8,1,63.7,3,20.1,66.6,0.98,70.7,1
BUILD-10395,1,4,1,8.59,0,95.2,2,12.9,48.6,0.95,100.0,1
BUILD-10396,1,1,0,8.96,7,9.2,3,31.9,1.2,0.8,71.1,1
BUILD-10397,2,0,1,9.56,1,6.1,0,23.0,11.1,0.52,33.6,0
BUILD-10398,1,1,0,8.8,4,60.4,2,48.2,69.9,0.81,80.5,1
BUILD-10399,0,1,0,5.8,2,96.6,0,10.9,6.4,0.54,17.0,0
BUILD-10400,3,2,1,4.45,4,50.3,0,29.4,86.6,0.86,92.6,1
BUILD-10401,2,2,0,7.75,2,5.2,0,35.0,31.1,0.7,49.1,0
BUILD-10402,0,3,0,7.4,2,22.1,1,41.3,8.9,0.92,43.8,0
BUILD-10403,1,3,1,5.38,2,24.5,0,20.3,76.0,0.97,71.6,1
BUILD-10404,1,2,0,0.87,4,33.8,1,34.3,52.4,0.71,49.2,0
BUILD-10405,1,1,0,9.26,1,4.4,2,15.2,30.7,0.73,50.5,0
BUILD-10406,0,3,1,4.56,2,90.5,0,21.8,40.6,0.8,52.0,0
BUILD-10407,0,1,0,3.63,3,51.6,0,44.8,2.1,0.6,18.2,0
BUILD-10408,2,1,0,6.3,5,67.1,0,47.5,66.3,0.96,76.0,1
BUILD-10409,0,1,1,6.74,1,6.7,2,35.9,36.6,0.72,42.6,0
BUILD-10410,1,1,2,2.11,2,5.4,0,18.7,71.4,0.58,40.0,0
BUILD-10411,1,1,0,8.37,0,58.6,0,41.0,62.8,0.88,57.6,0
BUILD-10412,0,0,1,2.9,3,88.7,0,1.3,65.1,0.61,30.0,0
BUILD-10413,1,3,0,1.87,3,52.8,2,5.1,79.3,0.57,50.6,0
BUILD-10414,1,3,1,4.06,0,87.8,0,33.1,63.1,0.78,63.5,1
BUILD-10415,0,3,0,7.31,1,81.1,0,14.6,41.9,0.84,40.1,0
BUILD-10416,1,2,0,9.65,0,7.6,0,47.6,39.0,0.78,47.0,0
BUILD-10417,2,1,1,8.09,0,20.2,2,21.8,12.0,0.83,76.3,1
BUILD-10418,0,1,2,9.4,1,65.8,0,21.5,77.9,0.56,45.5,0
BUILD-10419,2,1,0,1.41,3,44.4,1,33.9,76.1,0.74,60.6,1
BUILD-10420,0,2,1,0.71,2,29.1,0,38.4,24.6,0.68,31.8,0
BUILD-10421,2,0,0,5.58,5,41.9,3,23.8,86.3,0.99,100.0,1
BUILD-10422,2,0,0,2.9,2,44.5,1,10.7,58.9,0.52,34.2,0
BUILD-10423,0,2,0,8.28,2,91.1,1,38.7,47.9,0.65,48.9,0
BUILD-10424,0,0,0,6.72,2,10.3,0,16.0,1.7,0.97,8.8,0
BUILD-10425,1,4,0,9.71,1,28.0,0,8.8,38.3,0.99,70.4,1
BUILD-10426,1,0,0,2.55,2,53.8,0,31.6,64.1,0.91,43.3,0
BUILD-10427,1,0,0,4.86,1,69.8,1,4.5,9.0,0.54,23.1,0
BUILD-10428,1,1,0,5.01,0,63.1,3,48.6,46.0,0.78,66.1,1
BUILD-10429,1,1,2,2.39,4,94.2,0,31.6,99.3,0.7,68.5,1
BUILD-10430,0,4,0,5.9,1,79.6,2,49.3,71.7,0.9,80.3,1
BUILD-10431,1,1,1,4.43,3,55.7,0,16.9,54.7,0.53,33.8,0
BUILD-10432,0,1,1,4.47,1,21.5,2,48.6,53.3,0.6,40.8,0
BUILD-10433,2,2,1,3.63,2,45.1,0,7.3,4.4,0.74,49.6,0
BUILD-10434,1,1,0,0.17,2,69.3,0,2.0,95.7,0.58,33.7,0
BUILD-10435,0,5,1,5.22,1,83.8,0,1.6,92.8,0.85,69.6,1
BUILD-10436,0,3,0,3.35,2,96.0,1,23.2,68.2,0.91,64.6,1
BUILD-10437,0,4,0,0.01,0,60.5,1,4.2,9.9,0.85,43.0,0
BUILD-10438,2,2,1,3.08,2,52.7,0,25.6,20.8,0.72,54.3,0
BUILD-10439,1,1,0,2.79,1,1.8,1,16.4,18.4,0.94,38.1,0
BUILD-10440,0,1,0,3.93,1,7.2,0,16.8,52.0,0.57,13.7,0
BUILD-10441,1,2,0,1.32,0,15.6,0,31.8,20.8,0.63,25.0,0
BUILD-10442,1,1,1,5.08,3,5.5,0,8.2,69.6,0.74,41.4,0
BUILD-10443,3,2,0,6.92,1,40.1,1,38.3,54.5,0.53,49.6,0
BUILD-10444,2,2,0,6.3,2,33.7,1,29.1,1.8,0.55,36.9,0
BUILD-10445,1,1,0,8.04,1,63.7,1,45.7,74.4,0.7,57.7,0
BUILD-10446,0,1,0,4.52,5,53.6,1,18.2,18.9,0.97,43.1,0
BUILD-10447,3,1,0,5.19,1,59.6,0,49.1,82.5,0.95,83.4,1
BUILD-10448,0,3,0,8.1,4,47.2,1,28.8,35.5,0.73,52.7,0
BUILD-10449,2,1,1,4.28,1,27.8,0,48.7,33.9,0.57,39.8,0
BUILD-10450,2,2,1,7.02,0,95.3,1,1.4,1.2,0.59,48.5,0
BUILD-10451,1,3,0,4.35,3,8.6,0,36.4,98.8,0.69,47.0,0
BUILD-10452,0,1,0,4.18,3,93.9,1,40.8,61.2,0.61,37.7,0
BUILD-10453,0,0,0,7.6,2,31.1,1,2.7,42.3,0.54,22.9,0
BUILD-10454,1,3,3,1.75,3,51.3,0,28.9,9.7,0.84,77.9,1
BUILD-10455,0,2,0,3.39,2,10.9,1,40.1,69.9,0.79,41.4,0
BUILD-10456,0,1,0,2.24,2,7.1,0,28.1,28.3,0.65,14.8,0
BUILD-10457,2,2,1,3.59,1,43.0,0,3.2,98.8,0.89,75.3,1
BUILD-10458,0,0,0,2.3,2,74.2,1,34.7,95.1,0.89,50.0,0
BUILD-10459,1,0,0,5.79,3,26.9,2,3.0,73.5,0.75,47.7,0
BUILD-10460,0,0,0,7.98,1,56.2,0,40.9,97.1,0.55,29.6,0
BUILD-10461,1,2,1,7.87,2,27.9,0,2.2,10.6,0.96,60.2,1
BUILD-10462,0,0,0,3.65,2,38.9,1,6.9,28.0,0.83,24.7,0
BUILD-10463,1,2,0,9.89,2,90.6,1,13.8,25.3,0.62,50.7,0
BUILD-10464,1,1,1,5.94,2,85.6,0,31.7,7.2,0.81,48.5,0
BUILD-10465,1,1,1,3.99,1,51.6,2,48.8,97.2,0.7,67.9,1
BUILD-10466,0,3,2,8.36,2,23.8,1,5.9,6.0,0.82,64.5,1
BUILD-10467,1,1,0,7.3,0,19.3,0,7.1,85.7,0.74,32.3,0
BUILD-10468,1,1,0,7.49,3,95.4,0,18.4,76.8,0.74,47.2,0
BUILD-10469,0,0,0,1.96,3,20.3,0,41.8,37.6,0.87,22.2,0
BUILD-10470,0,4,1,4.68,1,80.8,1,23.4,1.9,0.81,57.2,0
BUILD-10471,2,0,0,8.62,3,36.9,0,16.1,0.6,0.54,30.6,0
BUILD-10472,0,4,0,5.04,6,98.6,3,28.1,20.4,0.53,52.1,0
BUILD-10473,1,1,0,6.83,4,36.8,0,13.0,49.4,0.65,31.0,0
BUILD-10474,1,2,1,5.88,1,35.2,1,20.1,45.8,0.72,52.0,0
BUILD-10475,0,1,2,8.42,1,63.7,0,16.6,58.5,0.64,47.4,0
BUILD-10476,0,1,0,2.85,0,96.2,2,40.2,77.2,0.83,59.1,0
BUILD-10477,1,1,1,5.75,0,97.6,1,46.2,37.7,0.6,47.4,0
BUILD-10478,0,1,0,1.23,2,70.7,0,38.0,16.0,0.85,28.8,0
BUILD-10479,1,1,0,6.9,1,75.5,2,22.0,80.0,0.89,71.3,1
BUILD-10480,1,1,0,7.32,2,56.3,0,25.2,33.3,0.56,25.9,0
BUILD-10481,0,0,1,0.43,5,75.6,1,6.3,28.7,0.83,45.5,0
BUILD-10482,1,3,0,6.76,5,86.0,2,37.3,76.4,0.98,100.0,1
BUILD-10483,0,1,2,4.15,2,48.6,1,29.8,93.4,0.6,48.8,0
BUILD-10484,2,0,1,1.24,3,62.0,2,45.1,91.5,0.95,100.0,1
BUILD-10485,0,3,1,4.2,2,53.7,2,10.0,13.7,0.8,58.0,0
BUILD-10486,1,1,0,1.94,2,56.2,3,38.0,50.3,0.8,68.9,1
BUILD-10487,0,2,1,4.16,0,89.0,0,34.2,9.3,0.53,26.6,0
BUILD-10488,0,1,1,3.84,2,35.6,0,13.3,96.1,0.87,45.8,0
BUILD-10489,2,2,2,7.38,1,20.8,1,33.4,21.5,0.74,68.8,1
BUILD-10490,0,1,1,7.74,4,45.6,1,46.2,19.7,0.86,61.2,1
BUILD-10491,0,2,1,6.07,0,20.8,1,45.9,88.9,0.9,61.4,1
BUILD-10492,1,4,1,0.23,4,49.8,0,36.0,96.8,0.76,73.0,1
BUILD-10493,0,0,0,9.31,6,90.4,2,2.4,69.8,0.63,51.0,0
BUILD-10494,1,1,0,6.86,3,61.7,3,43.6,12.1,0.57,46.6,0
BUILD-10495,1,0,0,0.34,2,85.5,0,32.9,48.6,0.58,29.2,0
BUILD-10496,0,0,1,8.19,2,16.6,0,15.5,81.7,0.93,49.2,0
BUILD-10497,0,2,1,2.0,1,90.1,0,9.4,57.2,0.56,32.5,0
BUILD-10498,3,0,0,5.79,2,60.2,0,5.8,13.3,0.69,41.6,0
BUILD-10499,1,1,0,4.67,2,3.2,1,2.5,17.2,0.67,26.7,0
BUILD-10500,0,0,2,4.2,2,63.3,2,37.7,86.4,0.93,82.9,1
BUILD-10501,1,0,0,8.9,2,95.1,0,11.8,52.7,0.74,46.6,0
BUILD-10502,0,3,0,4.37,3,7.9,1,1.2,70.6,1.0,52.8,0
BUILD-10503,0,3,1,0.75,2,58.2,1,19.9,37.3,0.87,60.1,1
BUILD-10504,0,1,1,9.47,1,91.5,0,24.1,53.2,0.93,63.9,1
BUILD-10505,0,3,1,9.21,2,1.0,1,8.5,97.7,0.55,46.1,0
BUILD-10506,1,1,0,6.84,2,63.1,1,2.2,33.0,0.63,34.3,0
BUILD-10507,2,5,0,4.68,3,47.5,2,9.5,67.5,0.57,64.0,1
BUILD-10508,0,1,0,0.93,2,34.7,0,34.0,17.3,0.73,19.5,0
BUILD-10509,0,3,0,7.91,3,62.8,1,4.1,12.2,0.86,54.3,0
BUILD-10510,1,1,1,0.75,1,5.3,0,27.8,78.4,0.58,33.5,0
BUILD-10511,1,2,1,0.69,3,75.3,0,7.3,84.4,0.57,44.6,0
BUILD-10512,1,1,0,5.37,3,0.4,0,9.8,66.8,0.81,34.1,0
BUILD-10513,0,2,0,1.6,4,30.7,0,19.7,15.8,0.62,20.4,0
BUILD-10514,2,0,0,0.08,3,50.4,0,5.0,24.1,0.74,36.1,0
BUILD-10515,1,2,0,4.23,2,37.7,0,8.7,91.1,0.53,31.1,0
BUILD-10516,2,1,0,1.37,1,30.7,1,17.4,28.9,0.84,52.3,0
BUILD-10517,0,1,0,1.61,5,83.1,1,16.5,81.9,0.77,48.9,0
BUILD-10518,0,2,0,0.77,0,93.5,0,37.5,28.6,0.82,35.5,0
BUILD-10519,1,1,0,2.05,0,87.4,0,3.7,93.9,0.64,36.9,0
BUILD-10520,0,2,0,7.15,3,52.2,1,43.0,91.4,0.64,43.0,0
BUILD-10521,0,0,0,8.09,4,88.4,0,40.8,4.3,0.9,40.8,0
BUILD-10522,2,0,1,4.53,2,92.1,0,38.3,77.0,0.86,73.1,1
BUILD-10523,0,2,1,5.07,5,40.9,1,15.5,16.9,0.79,47.3,0
BUILD-10524,0,1,1,0.33,1,28.3,0,41.1,21.5,0.81,31.1,0
BUILD-10525,0,1,1,0.69,0,9.8,0,9.1,46.0,0.55,17.8,0
BUILD-10526,1,4,1,2.58,3,47.9,0,6.2,57.6,0.93,74.0,1
BUILD-10527,1,2,0,5.44,2,94.6,0,2.2,32.6,0.88,48.6,0
BUILD-10528,1,1,1,7.4,2,56.1,3,47.0,57.5,0.8,81.5,1
BUILD-10529,1,1,0,6.05,1,66.8,0,15.4,17.1,0.96,39.4,0
BUILD-10530,0,1,0,3.92,2,11.3,1,45.9,2.2,0.58,18.8,0
BUILD-10531,0,2,2,1.18,2,14.4,1,13.6,57.1,0.84,59.0,0
BUILD-10532,3,1,1,7.81,5,46.4,0,45.4,51.7,0.98,100.0,1
BUILD-10533,1,3,0,3.64,3,95.1,0,45.2,69.0,0.66,52.5,0
BUILD-10534,1,0,3,7.36,0,36.1,2,46.2,65.0,0.51,52.7,0
BUILD-10535,0,0,0,5.13,4,87.7,2,24.8,89.7,0.87,61.5,1
BUILD-10536,1,4,0,7.39,1,12.0,0,43.3,45.9,0.5,30.5,0
BUILD-10537,0,2,0,9.07,5,61.7,0,47.5,0.8,0.94,53.3,0
BUILD-10538,1,2,0,9.21,1,60.1,1,16.2,63.1,0.53,43.4,0
BUILD-10539,1,1,2,5.35,5,86.0,0,20.9,67.5,0.83,74.0,1
BUILD-10540,0,3,0,5.12,1,0.3,0,36.0,52.1,0.69,26.8,0
BUILD-10541,0,3,1,2.66,1,19.0,0,15.0,68.9,0.6,32.7,0
BUILD-10542,0,2,1,9.36,3,22.0,0,37.7,32.4,0.95,60.4,1
BUILD-10543,1,0,0,4.58,1,95.0,0,3.7,14.9,0.87,32.5,0
BUILD-10544,1,0,1,1.28,1,15.4,0,26.2,66.5,0.67,33.8,0
BUILD-10545,3,0,0,4.33,2,3.7,1,6.1,24.5,0.64,40.6,0
BUILD-10546,0,1,0,1.27,3,53.4,1,14.7,45.6,0.87,39.9,0
BUILD-10547,0,0,2,5.03,1,52.9,0,12.9,49.2,0.92,46.0,0
BUILD-10548,1,2,0,5.61,4,84.4,0,41.9,47.7,0.86,58.4,0
BUILD-10549,1,0,1,3.38,0,94.9,1,9.7,59.8,0.82,57.6,0
BUILD-10550,0,4,1,0.72,2,53.9,0,40.4,2.9,0.61,36.3,0
BUILD-10551,1,0,0,9.44,1,93.0,0,39.7,99.0,0.93,71.5,1
BUILD-10552,0,0,1,7.73,2,72.5,0,24.9,71.6,0.87,54.2,0
BUILD-10553,1,0,1,8.39,2,26.5,0,11.7,42.5,0.76,45.3,0
BUILD-10554,1,2,0,3.67,2,92.8,2,11.3,19.1,0.76,57.9,0
BUILD-10555,0,0,1,7.61,3,66.7,1,23.2,8.0,0.78,46.7,0
BUILD-10556,3,2,1,4.85,3,41.4,0,0.4,67.2,0.91,85.9,1
BUILD-10557,1,1,1,2.01,3,68.0,1,26.6,31.7,0.87,64.4,1
BUILD-10558,0,2,0,1.24,2,40.1,0,47.6,22.9,0.93,35.1,0
BUILD-10559,1,1,1,3.45,4,11.4,0,7.7,38.0,0.75,38.9,0
BUILD-10560,1,2,0,1.38,3,71.9,0,28.7,59.3,0.81,51.6,0
BUILD-10561,0,3,0,9.98,6,82.4,1,48.1,67.2,0.93,89.3,1
BUILD-10562,2,0,0,0.49,3,72.9,0,43.0,64.5,0.62,42.8,0
BUILD-10563,2,3,0,4.41,1,22.9,0,42.5,86.3,0.72,57.1,0
BUILD-10564,1,3,0,4.52,2,95.7,0,41.1,21.9,0.81,54.0,0
BUILD-10565,1,2,0,3.01,7,2.5,0,15.5,63.7,0.96,54.4,0
BUILD-10566,2,1,0,5.71,2,33.3,1,44.5,10.1,0.51,33.4,0
BUILD-10567,2,1,1,1.5,1,26.0,2,47.1,54.8,0.61,58.8,0
BUILD-10568,2,3,1,7.84,5,4.8,1,24.8,58.4,0.62,68.2,1
BUILD-10569,1,2,0,3.32,3,40.6,1,17.7,21.6,0.66,38.8,0
BUILD-10570,3,1,1,5.91,5,62.3,2,20.7,39.2,0.64,74.2,1
BUILD-10571,2,2,0,7.16,2,88.3,0,16.7,82.7,0.8,65.2,1
BUILD-10572,1,0,0,8.89,0,99.0,0,10.6,14.8,0.94,48.3,0
BUILD-10573,1,0,0,8.36,0,80.8,0,30.9,43.5,0.82,47.0,0
BUILD-10574,0,3,0,6.08,1,46.9,0,28.1,93.3,0.62,34.2,0
BUILD-10575,0,1,1,3.88,2,72.4,0,23.1,50.4,0.93,47.8,0
BUILD-10576,1,2,1,5.03,3,84.4,0,4.8,72.5,0.82,63.1,1
BUILD-10577,1,1,0,7.69,2,46.5,0,39.8,82.7,0.61,42.7,0
BUILD-10578,0,1,0,8.78,2,78.5,1,8.7,20.4,0.68,37.9,0
BUILD-10579,1,1,2,1.04,3,48.3,2,5.7,21.8,0.89,78.3,1
BUILD-10580,0,4,0,3.85,1,38.6,0,31.2,75.9,0.87,49.2,0
BUILD-10581,2,0,0,7.76,7,52.6,0,19.9,75.3,0.79,65.4,1
BUILD-10582,0,1,0,4.32,2,67.6,1,3.0,6.0,0.57,20.4,0
BUILD-10583,0,3,0,3.32,6,72.7,0,17.8,32.2,0.9,48.6,0
BUILD-10584,1,0,1,4.11,1,35.7,0,38.6,39.9,0.65,33.0,0
BUILD-10585,2,1,1,6.03,0,57.1,0,30.8,82.9,0.89,72.0,1
BUILD-10586,2,1,0,10.0,1,91.0,1,18.1,42.2,0.82,75.6,1
BUILD-10587,1,0,0,4.93,6,97.6,2,9.6,92.6,0.63,55.3,0
BUILD-10588,1,3,1,2.08,2,22.7,1,31.6,99.7,0.61,56.1,0
BUILD-10589,3,0,1,1.63,2,19.3,0,44.4,78.1,0.57,49.3,0
BUILD-10590,0,2,0,0.42,1,67.7,0,32.3,66.6,0.62,29.6,0
BUILD-10591,1,0,0,5.59,1,41.5,0,40.6,39.2,0.58,23.0,0
BUILD-10592,0,2,0,5.45,1,2.4,2,26.1,6.7,0.81,35.4,0
BUILD-10593,0,1,1,2.05,1,34.7,1,35.9,57.3,0.8,46.1,0
BUILD-10594,0,3,1,6.95,2,80.7,0,44.8,36.2,0.79,52.5,0
BUILD-10595,0,3,2,7.41,2,79.7,1,38.7,35.1,0.82,72.7,1
BUILD-10596,0,2,1,2.59,2,49.5,0,45.5,68.8,0.91,56.1,0
BUILD-10597,0,3,0,3.44,0,47.3,3,21.6,46.4,0.96,72.5,1
BUILD-10598,0,2,2,9.9,1,58.0,2,45.2,75.2,0.62,70.1,1
BUILD-10599,1,1,0,3.74,4,21.9,0,31.1,39.8,0.79,36.5,0
BUILD-10600,0,0,1,7.61,5,52.6,1,43.5,15.1,0.54,35.8,0
BUILD-10601,1,2,0,4.53,2,1.1,0,2.0,46.1,0.56,22.8,0
BUILD-10602,2,0,1,7.93,4,47.6,0,32.9,95.1,0.83,79.5,1
BUILD-10603,0,1,0,7.69,0,33.6,1,42.4,80.2,0.74,45.4,0
BUILD-10604,2,0,0,6.68,3,67.5,1,8.7,20.6,0.88,55.6,0
BUILD-10605,1,0,0,8.55,6,63.8,0,33.1,39.1,0.71,46.2,0
BUILD-10606,1,4,1,9.39,0,38.1,1,41.2,92.8,0.56,62.9,1
BUILD-10607,2,2,1,5.8,6,0.7,1,14.4,12.4,0.94,75.7,1
BUILD-10608,1,0,1,2.37,2,25.2,0,20.3,25.4,0.54,23.8,0
BUILD-10609,0,3,1,3.99,3,63.3,0,28.5,26.2,0.59,35.3,0
BUILD-10610,0,0,0,7.58,3,7.2,1,26.0,57.1,0.64,30.4,0
BUILD-10611,0,1,2,6.51,0,10.8,0,2.0,41.1,1.0,42.6,0
BUILD-10612,1,2,1,1.78,1,64.7,2,4.9,8.0,0.71,55.3,0
BUILD-10613,0,2,0,0.51,1,75.6,0,5.0,62.9,0.75,32.4,0
BUILD-10614,4,1,1,6.83,1,32.2,0,13.1,9.9,0.88,75.9,1
BUILD-10615,0,4,1,2.51,2,49.0,0,12.3,60.6,0.82,54.1,0
BUILD-10616,2,1,0,5.0,6,94.6,1,37.1,50.7,0.92,84.7,1
BUILD-10617,1,2,0,7.47,2,94.6,1,28.6,49.4,0.74,55.6,0
BUILD-10618,0,3,0,5.63,3,30.8,0,38.2,6.7,0.99,38.4,0
BUILD-10619,1,0,1,0.83,2,81.0,0,3.5,63.9,0.9,53.8,0
BUILD-10620,1,2,0,1.86,7,59.4,2,24.3,43.1,0.7,60.9,1
BUILD-10621,1,1,0,2.19,3,97.5,0,16.2,41.1,0.69,38.6,0
BUILD-10622,0,1,0,2.58,1,47.8,0,42.5,59.6,0.96,36.6,0
BUILD-10623,4,1,1,5.65,2,77.5,0,35.4,60.6,0.84,94.0,1
BUILD-10624,1,1,1,5.04,2,76.8,0,43.5,1.5,0.81,47.9,0
BUILD-10625,0,2,1,2.03,2,49.7,0,2.3,12.5,0.88,36.3,0
BUILD-10626,0,2,0,0.68,1,79.6,0,36.0,23.7,0.78,32.2,0
BUILD-10627,0,1,0,1.71,1,26.1,0,27.0,67.8,0.58,19.1,0
BUILD-10628,1,2,2,9.84,1,12.2,2,41.3,57.7,0.66,75.0,1
BUILD-10629,0,3,1,4.69,1,42.5,0,25.4,75.8,0.78,48.7,0
BUILD-10630,0,2,0,8.67,2,94.4,1,27.0,74.1,0.51,40.8,0
BUILD-10631,1,2,1,8.49,2,50.1,1,2.6,85.3,0.72,68.8,1
BUILD-10632,1,3,0,5.12,2,63.5,0,33.4,37.7,0.88,55.1,0
BUILD-10633,1,1,1,7.07,0,62.4,1,13.7,34.5,0.58,38.0,0
BUILD-10634,1,1,0,1.93,2,13.3,0,1.0,83.1,0.53,23.6,0
BUILD-10635,1,2,2,6.88,5,39.0,0,3.3,23.8,0.92,67.9,1
BUILD-10636,0,0,0,2.72,2,70.7,2,47.9,46.1,0.81,47.4,0
BUILD-10637,3,2,0,8.32,2,97.2,1,17.3,19.4,0.59,63.4,1
BUILD-10638,3,0,1,0.84,2,16.8,2,43.4,91.4,0.9,100.0,1
BUILD-10639,1,1,3,7.73,2,41.0,2,48.0,40.8,0.83,100.0,1
BUILD-10640,1,0,1,1.0,2,9.5,0,47.2,21.2,0.67,30.3,0
BUILD-10641,2,1,0,8.81,4,24.2,0,44.1,69.2,0.69,57.2,0
BUILD-10642,1,1,0,3.04,4,37.7,0,44.7,24.5,0.58,28.0,0
BUILD-10643,0,2,0,6.54,3,54.1,2,14.5,94.4,0.92,68.2,1
BUILD-10644,1,1,1,4.88,2,23.1,2,7.6,36.8,0.75,54.4,0
BUILD-10645,2,2,0,3.66,1,22.8,1,32.0,66.5,0.78,60.8,1
BUILD-10646,0,1,1,6.45,1,77.8,0,24.4,34.5,0.94,44.5,0
BUILD-10647,0,2,1,9.48,2,96.3,0,4.9,80.7,0.51,40.9,0
BUILD-10648,2,1,0,0.41,3,32.4,2,33.9,89.7,0.53,49.8,0
BUILD-10649,0,1,1,9.19,2,68.8,2,28.1,78.8,0.58,55.0,0
BUILD-10650,1,1,0,6.09,2,25.8,0,43.2,84.8,0.52,28.7,0
BUILD-10651,1,2,0,8.07,2,92.8,0,30.5,10.2,0.83,56.4,0
BUILD-10652,1,2,0,3.84,4,67.3,0,28.7,92.4,0.82,59.0,0
BUILD-10653,1,0,0,4.72,4,80.3,0,22.0,62.4,0.61,33.0,0
BUILD-10654,2,1,0,8.69,4,4.9,2,23.1,86.9,0.57,57.9,0
BUILD-10655,2,0,0,4.15,4,59.9,0,47.7,68.4,0.57,40.0,0
BUILD-10656,0,4,1,5.35,1,52.8,1,6.9,20.2,0.98,64.9,1
BUILD-10657,1,1,0,0.2,1,29.3,0,22.3,61.0,0.85,38.2,0
BUILD-10658,1,2,0,1.59,0,26.2,0,32.8,9.1,0.79,31.0,0
BUILD-10659,1,1,2,6.42,1,58.0,0,21.7,69.6,0.66,50.8,0
BUILD-10660,4,0,1,7.17,2,70.6,1,14.2,40.9,0.72,77.3,1
BUILD-10661,1,0,0,5.83,4,3.3,1,14.4,15.2,0.54,21.1,0
BUILD-10662,0,4,1,1.43,2,56.7,0,11.7,97.9,1.0,75.5,1
BUILD-10663,0,0,0,4.45,2,17.0,0,17.2,90.1,0.88,26.3,0
BUILD-10664,1,1,0,3.55,4,14.0,0,43.6,89.4,0.81,46.9,0
BUILD-10665,1,2,2,4.96,1,62.3,0,25.3,78.9,0.79,68.6,1
BUILD-10666,0,0,1,8.7,1,31.1,1,12.0,69.2,0.75,46.8,0
BUILD-10667,1,0,0,7.76,3,44.1,1,19.2,65.5,0.63,43.4,0
BUILD-10668,1,3,0,0.84,1,36.0,0,5.3,10.6,0.61,27.1,0
BUILD-10669,2,1,0,8.9,2,64.8,2,45.2,90.1,0.77,88.0,1
BUILD-10670,0,0,0,4.72,1,47.0,1,20.4,88.1,0.54,24.3,0
BUILD-10671,1,2,1,7.44,0,96.3,0,49.0,74.8,0.54,44.5,0
BUILD-10672,0,2,0,1.4,4,35.2,0,17.4,92.7,0.78,39.1,0
BUILD-10673,1,3,0,6.71,1,74.0,2,41.8,55.3,0.96,87.1,1
BUILD-10674,0,0,0,2.36,2,25.7,1,12.8,44.8,0.96,30.7,0
BUILD-10675,1,0,1,4.38,0,50.9,0,3.8,96.8,0.51,29.4,0
BUILD-10676,1,0,2,0.17,1,55.3,1,1.6,46.4,0.55,40.0,0
BUILD-10677,0,2,0,1.52,1,32.9,0,30.3,64.1,0.79,31.8,0
BUILD-10678,1,1,2,0.92,0,47.2,2,15.6,37.3,0.92,80.4,1
BUILD-10679,1,1,2,2.4,0,27.9,2,22.2,63.6,0.98,89.0,1
BUILD-10680,0,1,0,1.0,4,0.6,1,40.9,72.0,0.93,45.1,0
BUILD-10681,0,1,1,6.92,1,21.6,1,12.4,62.5,0.84,43.6,0
BUILD-10682,1,1,0,0.29,0,70.0,0,15.4,51.5,0.6,28.4,0
BUILD-10683,1,0,0,6.18,0,77.1,1,42.3,30.0,0.54,29.1,0
BUILD-10684,1,0,0,1.41,4,28.0,1,24.6,64.4,0.52,29.4,0
BUILD-10685,3,1,0,9.45,4,40.8,0,41.4,90.8,0.81,85.1,1
BUILD-10686,2,3,1,9.33,2,3.7,1,18.7,0.7,0.52,48.2,0
BUILD-10687,0,0,0,2.26,2,23.7,2,19.9,13.4,0.87,32.5,0
BUILD-10688,3,0,0,6.14,1,77.9,0,8.4,12.0,0.86,53.3,0
BUILD-10689,0,1,1,0.28,1,60.6,0,45.8,92.3,0.54,32.8,0
BUILD-10690,0,0,0,9.32,1,20.6,1,44.8,66.3,0.95,51.7,0
BUILD-10691,1,0,0,5.23,5,25.7,2,49.2,95.2,0.76,61.2,1
BUILD-10692,0,1,0,0.43,0,81.7,2,20.1,58.3,0.95,57.6,0
BUILD-10693,1,2,0,3.42,5,20.9,1,40.9,46.2,0.95,65.1,1
BUILD-10694,1,0,0,0.77,1,33.4,2,20.7,79.2,0.6,39.4,0
BUILD-10695,1,0,1,3.93,1,66.4,1,22.7,16.1,0.69,41.1,0
BUILD-10696,1,5,0,6.7,0,56.1,0,41.5,38.1,0.57,40.8,0
BUILD-10697,0,1,1,4.7,1,46.1,1,8.9,46.6,0.89,46.6,0
BUILD-10698,0,0,1,3.84,2,90.0,0,11.0,29.8,0.75,31.3,0
BUILD-10699,1,0,0,1.19,2,22.0,0,15.7,37.1,0.96,31.4,0
BUILD-10700,0,3,2,2.45,0,74.1,0,39.4,7.8,0.6,40.0,0
BUILD-10701,3,0,0,1.0,3,15.9,0,18.6,19.8,0.84,48.4,0
BUILD-10702,1,2,0,8.07,3,61.6,0,17.9,33.5,0.99,66.1,1
BUILD-10703,0,1,2,1.35,3,87.1,0,49.9,79.6,0.83,66.4,1
BUILD-10704,1,1,0,5.95,1,45.8,0,19.2,18.2,0.53,20.2,0
BUILD-10705,1,1,0,3.43,1,72.4,0,12.4,34.7,0.79,35.8,0
BUILD-10706,1,2,0,2.26,2,82.0,0,31.2,6.5,0.59,31.1,0
BUILD-10707,0,1,0,6.39,0,13.6,1,40.1,55.7,0.52,20.7,0
BUILD-10708,0,0,0,4.57,2,70.6,2,3.5,61.1,0.67,35.9,0
BUILD-10709,1,2,1,4.0,2,92.0,2,30.9,86.6,0.63,67.4,1
BUILD-10710,0,1,1,5.93,1,57.6,0,1.8,81.9,0.89,44.2,0
BUILD-10711,0,1,0,4.91,0,18.6,1,26.3,28.5,0.69,22.2,0
BUILD-10712,0,3,1,3.03,3,12.7,0,12.8,13.7,0.87,38.8,0
BUILD-10713,0,2,1,5.59,2,26.0,0,15.3,15.6,0.51,20.4,0
BUILD-10714,0,2,0,6.69,1,10.4,1,23.4,96.9,0.51,27.1,0
BUILD-10715,1,4,0,0.27,1,51.3,1,46.4,67.3,0.51,43.3,0
BUILD-10716,1,3,0,4.66,1,7.0,2,35.5,4.3,0.61,40.1,0
BUILD-10717,0,0,1,0.58,0,22.3,1,46.8,13.7,0.69,27.4,0
BUILD-10718,0,2,0,1.86,3,44.0,0,33.0,48.6,0.8,34.6,0
BUILD-10719,2,1,0,5.61,3,47.4,2,0.4,20.8,0.99,74.6,1
BUILD-10720,1,1,1,8.66,2,56.5,1,13.3,80.4,0.68,62.4,1
BUILD-10721,1,1,0,8.83,2,70.6,2,45.3,57.3,0.53,50.0,0
BUILD-10722,3,3,0,0.7,1,4.7,1,32.2,61.3,0.6,56.1,0
BUILD-10723,1,0,0,4.19,6,8.1,0,49.1,46.3,0.95,43.6,0
BUILD-10724,2,1,0,5.83,1,6.1,0,7.8,25.6,0.85,37.3,0
BUILD-10725,1,4,1,1.47,3,42.3,0,14.8,58.9,0.9,72.4,1
BUILD-10726,1,1,0,7.65,1,4.2,0,18.1,71.7,0.56,30.1,0
BUILD-10727,0,2,1,7.44,2,74.6,0,16.3,37.1,0.57,30.7,0
BUILD-10728,0,2,0,9.03,1,22.3,0,12.6,50.5,0.56,25.8,0
BUILD-10729,0,1,0,0.08,0,93.9,2,22.2,84.0,0.93,64.1,1
BUILD-10730,0,1,0,2.17,2,48.6,2,32.1,14.9,0.6,30.5,0
BUILD-10731,1,4,1,8.27,1,44.6,1,15.6,54.5,0.82,82.4,1
BUILD-10732,1,2,1,6.71,2,78.1,0,4.0,34.8,0.76,49.8,0
BUILD-10733,0,2,0,8.94,1,71.3,0,35.4,70.3,0.77,49.1,0
BUILD-10734,2,2,0,0.57,3,60.7,1,23.0,1.9,0.6,43.8,0
BUILD-10735,1,3,0,5.97,1,93.5,0,27.8,67.0,0.82,58.9,0
BUILD-10736,0,2,0,5.69,2,42.2,2,22.8,10.3,0.52,27.7,0
BUILD-10737,3,1,2,0.36,3,80.9,2,44.5,6.5,1.0,100.0,1
BUILD-10738,1,2,0,5.14,6,38.0,0,27.9,72.5,0.51,33.5,0
BUILD-10739,0,1,0,6.1,4,83.8,1,46.2,64.0,0.53,33.6,0
BUILD-10740,0,2,0,1.91,2,25.9,0,25.5,89.5,0.66,30.0,0
BUILD-10741,1,2,0,2.73,2,28.9,1,14.6,52.0,0.92,55.9,0
BUILD-10742,2,2,0,6.4,0,67.8,0,17.8,53.0,0.63,42.6,0
BUILD-10743,0,2,2,4.68,2,21.3,0,26.1,70.7,0.74,48.5,0
BUILD-10744,0,2,0,8.58,4,22.9,1,26.5,32.3,0.51,31.1,0
BUILD-10745,1,1,0,3.42,1,30.5,1,34.4,3.7,0.54,24.9,0
BUILD-10746,2,0,3,2.67,2,67.9,1,11.2,23.0,0.8,79.9,1
BUILD-10747,1,2,1,9.85,1,88.9,0,32.9,23.8,0.6,50.4,0
BUILD-10748,2,0,0,9.11,3,67.5,1,38.9,33.6,0.85,73.0,1
BUILD-10749,0,0,0,0.29,4,82.8,1,33.8,94.3,0.89,54.5,0
BUILD-10750,2,2,0,7.71,1,54.4,3,24.1,80.5,0.93,100.0,1
BUILD-10751,1,1,1,1.1,1,6.9,2,49.6,93.6,0.57,50.1,0
BUILD-10752,1,0,0,0.27,2,10.0,1,20.2,99.9,0.73,41.1,0
BUILD-10753,2,0,0,2.74,3,55.4,1,5.3,43.4,0.97,63.3,1
BUILD-10754,0,1,0,2.69,1,32.8,1,41.1,22.7,0.89,34.0,0
BUILD-10755,1,1,0,8.19,3,22.1,0,10.6,56.0,0.56,31.8,0
BUILD-10756,1,3,0,7.11,5,46.6,0,35.7,88.1,0.75,57.4,0
BUILD-10757,0,2,0,9.82,4,66.6,2,8.9,46.6,0.96,78.9,1
BUILD-10758,1,1,0,7.12,1,38.5,2,0.8,50.5,0.72,45.2,0
BUILD-10759,1,1,1,4.18,2,80.3,1,8.0,13.4,0.92,61.6,1
BUILD-10760,1,4,0,6.99,1,73.9,0,18.8,42.0,0.75,50.4,0
BUILD-10761,0,2,0,9.99,2,73.5,0,5.3,38.7,0.55,30.3,0
BUILD-10762,1,1,1,7.1,1,98.5,0,9.9,35.2,0.57,35.6,0
BUILD-10763,1,1,0,7.62,1,29.5,0,38.2,88.7,0.52,34.3,0
BUILD-10764,1,1,0,9.38,5,64.5,0,38.5,5.9,0.6,38.8,0
BUILD-10765,1,0,1,1.14,1,85.5,2,40.9,97.2,0.95,90.8,1
BUILD-10766,0,3,1,7.05,3,58.0,0,42.1,0.8,0.83,46.3,0
BUILD-10767,0,2,1,8.51,3,79.0,1,21.0,94.6,0.87,82.3,1
BUILD-10768,0,0,0,9.54,4,41.4,0,43.4,54.8,0.81,40.7,0
BUILD-10769,1,5,1,2.11,7,59.0,3,26.3,70.2,0.69,93.7,1
BUILD-10770,1,0,0,5.04,2,5.6,2,23.5,18.7,0.61,30.2,0
BUILD-10771,0,1,1,6.81,4,98.6,0,35.9,65.4,0.96,63.1,1
BUILD-10772,1,3,0,2.47,2,80.0,3,10.7,88.2,0.76,80.8,1
BUILD-10773,0,1,1,6.0,2,86.9,1,39.5,13.9,0.74,44.8,0
BUILD-10774,0,2,0,2.58,2,69.4,0,21.5,12.7,1.0,36.1,0
BUILD-10775,0,2,0,3.33,1,18.6,1,6.4,30.4,0.69,25.5,0
BUILD-10776,2,1,0,4.42,1,3.1,0,6.0,16.2,0.93,38.0,0
BUILD-10777,2,3,0,5.29,6,86.5,1,8.2,11.1,0.93,82.7,1
BUILD-10778,1,1,0,4.49,2,39.6,2,44.5,67.8,0.62,47.6,0
BUILD-10779,0,2,0,4.93,1,26.4,1,49.5,21.4,0.55,24.5,0
BUILD-10780,0,2,2,2.99,1,56.2,0,17.8,66.7,0.99,67.2,1
BUILD-10781,0,2,1,1.59,6,42.1,0,14.6,86.2,0.71,46.7,0
BUILD-10782,2,0,0,0.47,4,65.2,0,10.9,65.2,0.5,31.8,0
BUILD-10783,0,1,0,1.96,2,48.4,0,41.2,11.9,0.75,22.1,0
BUILD-10784,1,4,2,5.82,1,69.7,0,10.5,57.4,0.81,75.5,1
BUILD-10785,0,0,0,7.86,2,85.3,0,46.2,39.4,0.89,43.9,0
BUILD-10786,1,1,0,1.69,0,19.6,1,33.4,34.3,0.97,47.2,0
BUILD-10787,0,0,0,1.09,0,32.9,1,44.9,31.9,0.96,31.5,0
BUILD-10788,2,2,0,7.49,5,43.7,0,27.7,92.9,0.97,80.6,1
BUILD-10789,3,4,0,3.05,0,96.2,0,34.5,74.3,0.52,55.6,0
BUILD-10790,1,3,1,9.51,0,36.5,0,31.0,13.4,0.86,64.9,1
BUILD-10791,1,0,1,7.14,4,38.1,0,41.6,47.6,0.61,36.1,0
BUILD-10792,0,1,0,3.27,1,65.3,0,41.8,31.8,0.59,20.7,0
BUILD-10793,0,0,2,2.9,2,41.9,0,29.5,97.8,0.9,57.2,0
BUILD-10794,1,1,0,5.24,3,95.1,1,31.6,97.8,0.71,58.2,0
BUILD-10795,2,3,1,0.79,3,89.4,2,46.1,32.0,0.96,100.0,1
BUILD-10796,1,0,0,1.18,2,51.3,0,46.5,35.2,0.52,22.6,0
BUILD-10797,1,3,0,1.76,5,64.5,1,33.2,59.9,0.9,76.1,1
BUILD-10798,3,2,2,7.75,3,5.8,0,0.4,47.9,0.57,61.6,1
BUILD-10799,1,2,0,5.14,0,69.6,2,5.2,21.3,0.59,39.8,0
BUILD-10800,2,1,0,0.11,5,70.7,0,42.9,66.0,0.74,58.4,0
BUILD-10801,2,2,0,6.74,2,35.9,0,4.2,33.4,0.7,41.0,0
BUILD-10802,0,1,1,4.24,3,22.0,0,10.7,65.4,0.74,33.2,0
BUILD-10803,1,1,0,5.11,1,91.5,0,11.5,38.4,0.97,48.1,0
BUILD-10804,1,6,0,2.14,2,42.7,1,30.0,70.0,0.83,79.0,1
BUILD-10805,2,2,0,5.52,0,65.4,3,28.8,66.8,0.65,68.9,1
BUILD-10806,1,1,1,9.79,2,3.3,1,14.5,50.9,0.59,45.6,0
BUILD-10807,2,2,1,0.73,1,41.4,0,10.4,70.5,0.71,56.5,0
BUILD-10808,2,0,2,2.84,2,81.7,1,38.2,46.1,0.73,73.0,1
BUILD-10809,0,0,1,2.43,3,38.8,1,46.8,11.6,0.8,38.4,0
BUILD-10810,2,2,2,2.49,2,60.3,2,2.6,18.2,0.63,67.4,1
BUILD-10811,1,2,0,3.79,2,21.0,1,6.7,24.6,0.88,45.6,0
BUILD-10812,1,1,0,8.18,1,41.7,1,32.1,6.3,0.55,33.6,0
BUILD-10813,1,0,0,9.13,2,92.8,1,40.2,71.1,0.78,65.1,1
BUILD-10814,0,1,0,2.02,2,56.6,1,39.6,36.7,0.81,38.3,0
BUILD-10815,0,1,1,5.43,4,90.2,0,36.0,9.4,0.6,31.2,0
BUILD-10816,0,0,1,6.37,1,90.2,0,44.4,82.0,0.91,52.4,0
BUILD-10817,1,1,2,5.22,3,94.4,1,10.9,68.4,0.81,78.2,1
BUILD-10818,0,0,0,4.34,1,89.5,2,5.4,45.2,0.82,42.7,0
BUILD-10819,0,1,0,1.92,2,0.3,0,30.8,24.7,0.75,15.9,0
BUILD-10820,0,0,0,4.88,2,93.4,3,41.1,15.2,0.95,62.7,1
BUILD-10821,0,5,1,4.01,0,13.7,0,29.1,45.8,0.85,52.5,0
BUILD-10822,0,4,1,7.96,1,4.0,0,48.1,88.5,0.69,55.8,0
BUILD-10823,1,3,0,7.64,3,5.5,0,39.8,18.8,0.62,38.9,0
BUILD-10824,1,1,1,1.34,3,34.9,2,35.0,56.9,0.54,46.5,0
BUILD-10825,0,1,2,0.89,2,62.1,0,3.0,96.2,0.58,39.6,0
BUILD-10826,1,0,1,9.08,1,40.2,0,5.4,63.7,1.0,64.8,1
BUILD-10827,1,1,0,5.36,1,2.6,0,39.2,44.0,0.7,27.5,0
BUILD-10828,0,3,0,8.58,0,47.6,1,9.9,71.6,0.95,66.4,1
BUILD-10829,0,2,0,0.58,1,44.2,2,1.4,82.5,0.59,37.4,0
BUILD-10830,0,0,0,5.27,2,75.7,0,45.5,59.1,0.71,28.0,0
BUILD-10831,1,1,1,5.39,0,28.0,2,44.5,87.2,0.98,85.9,1
BUILD-10832,2,3,0,8.61,3,21.8,2,10.9,51.5,0.55,57.9,0
BUILD-10833,2,2,0,0.98,2,25.6,0,39.0,83.0,0.8,59.2,0
BUILD-10834,0,1,0,2.4,4,30.4,1,2.4,95.2,0.96,49.9,0
BUILD-10835,0,2,0,4.07,1,59.9,0,14.3,50.1,0.97,38.1,0
BUILD-10836,2,1,1,8.66,4,47.2,0,31.2,60.5,0.92,87.6,1
BUILD-10837,1,2,0,9.39,2,33.7,1,38.2,60.9,0.93,76.9,1
BUILD-10838,1,2,0,9.93,1,37.4,1,0.5,78.1,0.83,65.6,1
BUILD-10839,0,0,0,9.59,5,37.1,0,16.3,82.3,0.61,31.9,0
BUILD-10840,1,2,0,0.06,5,97.2,0,10.7,2.7,0.87,49.1,0
BUILD-10841,0,1,0,0.48,2,23.3,2,49.9,73.3,0.99,61.6,1
BUILD-10842,0,1,2,1.48,2,81.8,1,33.5,78.4,0.76,64.6,1
BUILD-10843,1,2,0,3.49,3,70.8,0,20.3,70.0,0.63,40.5,0
BUILD-10844,0,1,2,8.3,3,0.6,0,3.8,71.4,0.79,52.4,0
BUILD-10845,1,1,1,8.93,2,99.3,0,29.9,4.1,0.85,64.0,1
BUILD-10846,0,0,1,1.87,3,75.6,0,32.1,44.2,0.6,28.8,0
BUILD-10847,0,1,0,6.2,2,68.2,1,40.8,81.8,0.86,51.2,0
BUILD-10848,0,2,0,9.17,0,40.5,1,14.4,93.4,0.79,54.4,0
BUILD-10849,0,1,1,4.64,2,55.5,0,49.1,22.9,0.81,38.2,0
BUILD-10850,1,3,0,1.04,4,25.3,1,22.0,57.9,0.65,47.3,0
BUILD-10851,1,2,5,4.58,0,3.5,0,14.8,80.4,0.58,63.7,1
BUILD-10852,0,0,2,3.76,4,83.6,1,17.4,75.2,0.81,64.1,1
BUILD-10853,1,0,0,5.78,0,89.6,0,26.0,61.9,0.79,38.7,0
BUILD-10854,2,2,1,4.39,2,16.2,0,46.8,1.9,0.67,45.9,0
BUILD-10855,1,3,1,0.17,0,78.7,0,36.8,72.4,0.65,53.6,0
BUILD-10856,2,0,0,9.94,1,74.1,1,28.9,77.3,0.67,61.9,1
BUILD-10857,2,2,0,5.44,2,17.8,0,8.1,72.3,0.74,47.7,0
BUILD-10858,0,2,0,4.74,1,42.2,0,7.5,76.6,0.99,40.0,0
BUILD-10859,1,2,1,9.55,4,42.3,0,25.1,43.1,0.88,73.2,1
BUILD-10860,2,0,0,1.56,2,76.0,0,36.4,99.4,0.93,68.9,1
BUILD-10861,0,2,0,1.89,0,83.8,0,37.6,77.1,0.75,39.1,0
BUILD-10862,1,2,0,8.08,1,9.5,1,11.3,57.9,0.76,52.1,0
BUILD-10863,1,0,0,2.61,4,56.3,0,5.0,93.4,0.6,31.9,0
BUILD-10864,1,0,1,7.99,6,76.2,1,19.2,90.8,0.86,85.1,1
BUILD-10865,1,1,0,2.72,1,78.6,3,45.9,81.5,0.71,68.7,1
BUILD-10866,1,1,0,0.33,3,14.8,1,27.3,56.4,0.87,49.7,0
BUILD-10867,2,1,0,5.17,2,52.6,1,16.0,52.7,0.7,51.2,0
BUILD-10868,0,1,0,1.97,0,85.8,1,16.2,32.9,0.55,24.1,0
BUILD-10869,0,2,0,7.58,4,31.9,2,6.6,25.1,0.59,39.6,0
BUILD-10870,1,3,3,6.41,3,42.5,0,23.7,51.2,0.91,90.3,1
BUILD-10871,1,1,0,9.24,0,80.4,2,39.6,57.8,0.63,58.0,0
BUILD-10872,0,3,0,7.83,0,8.9,2,48.4,24.5,0.63,43.8,0
BUILD-10873,1,2,2,1.81,2,85.9,0,25.1,92.3,0.96,92.2,1
BUILD-10874,1,3,0,8.0,3,31.1,0,8.4,55.7,0.83,58.3,0
BUILD-10875,1,2,1,6.42,2,0.1,3,34.1,52.7,0.56,52.7,0
BUILD-10876,0,4,1,6.69,2,23.4,1,37.8,43.6,0.57,41.9,0
BUILD-10877,3,2,1,8.32,1,9.0,0,3.6,5.8,0.64,54.2,0
BUILD-10878,0,1,3,5.74,3,9.2,1,42.5,88.2,0.8,71.7,1
BUILD-10879,1,1,0,4.66,3,69.3,0,41.5,31.7,0.88,46.9,0
BUILD-10880,0,0,0,6.37,1,21.4,0,23.6,64.2,0.64,15.6,0
BUILD-10881,0,1,0,2.98,1,93.5,1,28.0,60.7,0.94,52.1,0
BUILD-10882,0,1,1,1.83,2,51.6,1,35.7,58.4,0.55,34.6,0
BUILD-10883,1,3,0,6.17,3,46.0,2,33.8,52.6,0.6,52.3,0
BUILD-10884,0,1,1,2.34,2,43.4,0,0.8,18.1,0.99,34.4,0
BUILD-10885,0,0,0,0.8,2,69.3,2,6.1,28.1,0.57,26.5,0
BUILD-10886,0,2,0,0.01,1,45.2,0,8.1,52.4,0.94,33.7,0
BUILD-10887,0,0,1,6.08,4,12.9,1,37.8,78.9,0.85,49.3,0
BUILD-10888,1,0,1,3.62,1,88.0,0,22.0,43.2,0.54,31.4,0
BUILD-10889,1,2,1,7.52,0,42.8,0,27.3,20.4,0.74,50.4,0
BUILD-10890,2,2,0,3.75,3,7.4,2,38.6,8.8,0.76,59.8,0
BUILD-10891,1,1,0,4.86,0,52.9,0,17.0,66.3,0.97,46.2,0
BUILD-10892,0,1,0,4.07,2,64.7,2,37.4,42.3,0.71,43.2,0
BUILD-10893,2,0,0,6.51,3,27.6,0,22.1,12.5,0.72,32.5,0
BUILD-10894,1,1,0,3.56,3,80.0,0,18.9,67.4,0.56,33.0,0
BUILD-10895,1,1,0,9.64,3,67.0,0,16.7,20.8,0.82,50.0,0
BUILD-10896,2,1,0,9.36,1,65.0,1,48.2,50.9,0.61,57.3,0
BUILD-10897,1,4,0,8.48,2,42.1,0,38.6,30.6,0.54,41.9,0
BUILD-10898,1,2,0,9.2,2,96.2,1,1.0,93.2,1.0,94.2,1
BUILD-10899,1,2,2,4.49,0,27.4,1,47.9,22.8,0.63,51.4,0
BUILD-10900,0,1,0,5.36,0,57.8,0,38.8,42.0,0.57,19.1,0
BUILD-10901,3,5,1,7.42,2,30.9,0,7.5,95.9,0.85,99.4,1
BUILD-10902,0,1,1,6.96,2,74.5,0,3.8,31.9,0.91,40.2,0
BUILD-10903,0,3,1,8.91,3,4.8,2,15.4,64.5,0.53,48.3,0
BUILD-10904,3,1,1,7.16,3,4.6,0,31.2,31.7,0.55,43.6,0
BUILD-10905,1,2,1,9.98,1,81.1,0,30.8,11.1,0.55,43.8,0
BUILD-10906,0,2,0,3.49,2,43.4,0,13.8,62.8,0.52,21.2,0
BUILD-10907,1,0,1,8.33,1,34.1,1,22.3,91.6,0.83,68.9,1
BUILD-10908,3,1,1,6.98,1,60.8,1,10.6,45.3,0.79,76.2,1
BUILD-10909,0,3,1,6.91,0,70.2,2,2.5,62.6,0.83,67.3,1
BUILD-10910,0,2,2,3.26,3,20.1,2,25.8,60.9,0.75,65.7,1
BUILD-10911,0,2,2,7.86,2,18.5,0,17.3,41.5,0.91,63.1,1
BUILD-10912,0,2,1,9.0,2,95.8,0,27.1,61.5,0.77,61.1,1
BUILD-10913,2,0,1,2.19,0,59.0,1,47.3,25.9,0.96,73.8,1
BUILD-10914,0,4,0,6.25,3,39.0,2,7.2,37.8,0.74,51.8,0
BUILD-10915,0,0,0,3.92,2,80.1,0,0.1,44.2,0.9,25.6,0
BUILD-10916,1,2,0,9.9,3,52.5,0,3.8,86.4,0.7,53.8,0
BUILD-10917,3,1,2,4.79,2,24.2,2,23.1,34.8,0.72,83.0,1
BUILD-10918,0,0,0,2.28,5,20.7,0,35.3,63.5,0.92,31.1,0
BUILD-10919,1,0,1,3.82,3,39.7,0,29.0,21.3,0.55,27.2,0
BUILD-10920,1,2,0,6.54,0,86.0,2,24.7,25.3,0.78,58.5,0
BUILD-10921,4,2,0,0.76,3,6.1,2,17.7,64.8,0.86,98.3,1
BUILD-10922,0,0,0,6.04,2,21.9,0,15.5,76.2,0.88,24.1,0
BUILD-10923,0,0,0,9.31,4,89.3,0,18.8,46.2,0.8,41.9,0
BUILD-10924,0,2,1,8.5,2,12.2,0,30.6,33.5,0.72,41.3,0
BUILD-10925,1,2,1,0.68,4,63.0,2,8.4,91.0,0.63,64.3,1
BUILD-10926,3,1,0,9.93,4,21.4,3,38.6,13.6,0.95,100.0,1
BUILD-10927,2,2,1,6.99,2,60.6,1,28.8,72.1,0.68,68.0,1
BUILD-10928,2,1,0,1.62,2,38.3,0,13.5,69.0,0.9,56.1,0
BUILD-10929,1,3,1,0.12,3,10.2,0,25.1,69.0,0.52,37.6,0
BUILD-10930,0,1,1,1.71,2,58.2,1,48.1,93.5,0.62,46.0,0
BUILD-10931,0,1,1,8.38,2,68.3,0,1.0,72.8,0.67,43.2,0
BUILD-10932,0,6,0,0.22,3,68.0,1,10.0,30.2,0.84,63.5,1
BUILD-10933,0,1,2,2.33,3,63.7,1,22.4,35.3,0.66,47.5,0
BUILD-10934,0,1,0,7.57,2,50.0,0,31.9,39.1,0.52,23.8,0
BUILD-10935,3,2,0,5.86,2,51.9,2,10.6,3.1,0.59,54.5,0
BUILD-10936,0,0,1,7.83,2,63.6,0,46.6,91.4,0.63,43.6,0
BUILD-10937,1,1,1,7.46,4,69.0,1,32.1,7.4,0.59,42.4,0
BUILD-10938,0,0,1,0.51,4,65.5,0,43.9,70.0,0.6,33.5,0
BUILD-10939,1,0,0,8.93,3,58.7,1,16.5,73.0,0.88,65.7,1
BUILD-10940,1,1,0,2.27,2,15.6,1,41.4,84.4,0.71,45.5,0
BUILD-10941,0,3,2,5.53,4,21.1,0,18.9,55.3,0.7,49.6,0
BUILD-10942,0,2,1,6.44,2,26.0,0,12.6,72.5,0.98,50.8,0
BUILD-10943,1,0,0,1.69,2,92.0,0,45.6,30.3,0.72,35.9,0
BUILD-10944,0,2,0,9.76,6,75.9,0,4.6,74.6,0.96,67.6,1
BUILD-10945,1,1,2,4.88,1,55.3,1,47.1,34.3,0.65,55.1,0
BUILD-10946,2,3,0,0.58,0,25.2,0,22.9,90.3,0.7,52.5,0
BUILD-10947,0,2,0,9.37,1,11.1,0,49.6,16.3,0.7,30.8,0
BUILD-10948,0,1,0,5.86,1,89.9,0,27.0,31.6,0.77,28.5,0
BUILD-10949,0,0,1,6.99,2,89.3,1,37.9,49.9,0.79,49.2,0
BUILD-10950,0,3,1,5.25,0,11.1,1,0.4,77.6,0.62,38.2,0
BUILD-10951,1,3,0,8.35,5,79.7,0,24.8,74.9,0.9,81.8,1
BUILD-10952,2,2,0,0.33,4,44.7,1,36.9,21.1,0.75,59.0,0
BUILD-10953,1,2,1,2.68,3,32.4,2,39.1,14.4,0.5,41.7,0
BUILD-10954,1,0,1,4.7,2,73.9,0,7.9,30.4,0.8,41.6,0
BUILD-10955,0,0,0,0.77,1,61.4,1,20.9,48.4,0.9,35.2,0
BUILD-10956,0,1,0,7.06,2,78.0,0,21.0,53.9,0.63,25.4,0
BUILD-10957,1,1,0,3.94,3,7.4,0,5.2,42.9,0.52,19.4,0
BUILD-10958,0,1,1,2.73,4,31.9,1,22.2,66.3,0.9,55.9,0
BUILD-10959,0,1,1,0.03,1,31.9,0,40.4,42.8,0.99,43.1,0
BUILD-10960,0,2,0,7.2,0,33.0,2,15.0,94.6,0.54,34.9,0
BUILD-10961,3,1,0,8.34,1,50.2,0,21.6,26.1,0.97,79.1,1
BUILD-10962,0,2,0,3.95,0,28.3,0,48.0,62.7,0.68,27.6,0
BUILD-10963,1,0,1,5.64,2,44.4,1,1.6,61.1,0.97,61.3,1
BUILD-10964,0,2,0,2.28,2,36.8,1,29.6,28.2,0.82,37.8,0
BUILD-10965,1,1,0,6.22,0,73.5,1,37.2,41.2,0.95,58.0,0
BUILD-10966,1,1,2,0.12,0,60.4,0,38.0,36.5,0.89,63.6,1
BUILD-10967,0,3,0,4.89,0,65.4,2,35.8,17.2,0.51,32.6,0
BUILD-10968,0,1,0,6.44,0,21.1,3,36.3,47.7,0.53,32.4,0
BUILD-10969,3,2,2,9.18,2,32.6,0,3.0,38.7,0.76,85.1,1
BUILD-10970,0,0,2,3.81,3,2.1,1,26.7,17.8,0.56,28.7,0
BUILD-10971,1,1,0,7.65,2,10.8,1,39.1,45.0,0.73,48.3,0
BUILD-10972,1,1,0,5.98,2,26.5,0,4.7,42.2,0.98,38.1,0
BUILD-10973,1,1,0,9.27,3,6.5,0,0.6,13.1,0.65,28.8,0
BUILD-10974,0,2,1,3.98,2,60.3,0,40.7,13.1,0.74,37.4,0
BUILD-10975,1,1,2,3.19,3,99.8,3,35.6,64.8,0.69,85.5,1
BUILD-10976,0,2,0,8.87,3,10.1,0,20.6,70.7,0.81,43.1,0
BUILD-10977,0,2,2,0.49,3,82.1,1,47.0,94.1,0.6,59.5,0
BUILD-10978,1,2,0,1.36,2,11.9,0,38.3,8.7,0.63,26.0,0
BUILD-10979,3,1,0,0.82,0,67.0,1,48.4,11.8,0.93,77.2,1
BUILD-10980,1,1,0,8.43,4,64.3,0,46.5,5.2,0.91,57.0,0
BUILD-10981,0,0,1,0.11,1,90.3,1,24.1,53.2,0.89,52.3,0
BUILD-10982,1,1,1,8.62,2,11.4,0,37.7,62.3,0.89,64.6,1
BUILD-10983,1,0,2,4.51,3,31.5,2,33.5,40.4,0.73,64.2,1
BUILD-10984,1,1,1,0.04,5,9.1,2,40.6,79.8,0.86,78.4,1
BUILD-10985,2,2,0,4.02,1,40.7,1,39.4,68.7,0.69,57.4,0
BUILD-10986,0,1,0,1.87,2,91.2,0,7.7,98.6,0.55,27.6,0
BUILD-10987,1,0,0,6.24,2,78.2,0,11.7,13.8,0.7,26.2,0
BUILD-10988,1,1,0,6.79,3,72.3,2,13.3,5.8,0.58,38.0,0
BUILD-10989,1,2,1,4.88,3,53.3,0,40.9,27.5,0.7,47.6,0
BUILD-10990,0,2,0,0.41,1,88.3,0,40.5,1.9,0.65,25.3,0
BUILD-10991,1,0,1,6.56,4,44.9,1,24.8,93.3,0.8,62.8,1
BUILD-10992,0,2,2,8.42,2,15.0,0,29.0,30.4,0.68,47.1,0
BUILD-10993,0,2,0,7.2,3,83.8,0,41.3,55.2,0.85,45.6,0
BUILD-10994,2,1,1,8.3,1,28.0,1,15.6,31.8,0.76,66.5,1
BUILD-10995,0,0,0,2.01,3,5.4,0,2.5,24.6,0.96,12.0,0
BUILD-10996,0,1,0,8.89,1,12.6,0,24.1,15.2,0.55,17.7,0
BUILD-10997,2,2,0,3.22,1,60.9,1,45.7,32.0,0.84,67.3,1
BUILD-10998,0,2,0,0.13,1,60.7,0,39.5,61.5,0.84,39.2,0
BUILD-10999,0,3,0,8.43,4,26.0,1,18.3,97.2,0.98,78.6,1
BUILD-11000,2,2,0,9.42,2,72.7,0,3.2,55.8,0.69,58.6,0
BUILD-11001,0,1,1,6.56,0,77.4,1,31.8,53.3,0.65,40.4,0
BUILD-11002,0,0,0,2.31,1,92.1,0,41.7,3.5,0.59,16.4,0
BUILD-11003,1,2,0,2.52,4,58.5,0,33.2,84.0,0.63,43.7,0
BUILD-11004,2,0,0,4.67,1,77.9,0,21.3,4.5,0.75,36.7,0
BUILD-11005,0,2,0,8.98,1,75.3,0,6.2,90.6,0.92,58.4,0
BUILD-11006,0,4,0,1.5,3,25.8,2,45.5,53.9,0.64,50.1,0
BUILD-11007,2,2,0,8.26,0,31.0,0,13.8,16.8,0.58,37.7,0
BUILD-11008,1,0,1,2.91,1,47.8,1,11.2,45.2,0.64,38.6,0
BUILD-11009,2,2,0,8.09,1,1.9,2,40.8,99.5,0.55,58.7,0
BUILD-11010,2,1,0,9.2,2,29.7,1,49.1,30.5,0.96,81.2,1
BUILD-11011,2,1,1,4.27,2,47.4,0,33.0,26.9,0.94,66.7,1
BUILD-11012,0,2,1,3.65,1,10.8,0,31.2,11.8,0.65,24.3,0
BUILD-11013,0,3,0,8.02,2,12.6,2,16.0,59.7,0.62,47.1,0
BUILD-11014,1,0,0,5.29,1,46.3,1,1.0,8.9,0.95,35.8,0
BUILD-11015,0,4,1,6.84,2,73.1,1,9.6,76.6,0.5,42.4,0
BUILD-11016,0,1,2,6.23,2,83.4,0,29.2,91.9,0.8,61.0,1
BUILD-11017,0,0,0,1.53,4,54.6,2,7.6,93.2,0.96,59.6,0
BUILD-11018,2,0,0,8.45,1,47.5,1,44.2,10.8,0.75,55.0,0
BUILD-11019,0,2,0,1.96,4,38.4,0,9.4,55.8,0.5,20.6,0
BUILD-11020,0,0,0,9.32,3,19.3,1,26.1,9.7,0.61,25.7,0
BUILD-11021,2,4,0,2.51,3,14.7,0,25.6,57.2,0.96,75.1,1
BUILD-11022,4,1,1,7.34,1,79.2,0,30.2,81.5,0.51,58.1,0
BUILD-11023,1,0,0,2.85,3,46.5,2,16.4,53.8,0.7,45.8,0
BUILD-11024,3,3,0,3.18,2,79.0,0,43.7,87.2,0.89,94.2,1
BUILD-11025,0,1,1,3.1,2,70.4,1,22.2,80.2,0.92,63.2,1
BUILD-11026,3,1,1,7.48,1,19.4,0,35.0,27.7,0.74,57.8,0
BUILD-11027,0,1,0,5.57,1,51.0,0,31.8,63.0,0.62,23.2,0
BUILD-11028,0,1,0,8.83,0,44.4,0,5.9,0.7,0.8,23.7,0
BUILD-11029,2,2,0,3.07,3,42.4,3,31.1,39.6,0.63,64.1,1
BUILD-11030,1,0,1,6.92,3,54.3,0,27.5,23.8,0.63,33.0,0
BUILD-11031,1,2,0,7.53,3,98.2,0,44.9,93.7,0.9,81.9,1
BUILD-11032,1,4,0,1.51,1,81.3,1,44.0,40.5,0.58,48.9,0
BUILD-11033,0,0,1,4.01,1,90.4,0,7.5,65.4,0.5,23.5,0
BUILD-11034,1,2,0,4.83,1,3.0,0,4.1,73.2,0.67,30.5,0
BUILD-11035,2,1,1,3.56,6,14.0,0,14.7,77.3,0.75,59.8,0
BUILD-11036,0,2,1,3.22,3,8.5,0,49.3,73.6,0.85,48.9,0
BUILD-11037,1,1,1,6.86,1,26.3,0,1.1,28.9,0.89,40.8,0
BUILD-11038,0,2,0,2.16,4,44.2,0,33.6,68.6,0.83,41.2,0
BUILD-11039,2,2,1,7.09,1,64.2,0,30.4,54.9,0.81,68.1,1
BUILD-11040,0,0,0,9.35,1,50.1,1,32.3,59.7,0.83,46.7,0
BUILD-11041,1,3,0,5.65,2,90.3,0,10.9,0.1,0.64,35.4,0
BUILD-11042,1,0,1,6.11,0,94.0,2,11.3,25.8,0.69,51.2,0
BUILD-11043,1,3,3,0.69,2,16.4,1,21.5,93.1,0.81,91.1,1
BUILD-11044,0,2,0,8.64,0,85.3,0,4.8,29.0,0.53,26.1,0
BUILD-11045,1,1,1,2.85,1,48.2,3,3.7,43.8,0.65,56.8,0
BUILD-11046,0,5,0,6.15,3,45.3,0,4.4,18.7,0.7,35.2,0
BUILD-11047,1,0,0,9.79,3,78.5,0,28.6,13.9,0.77,44.5,0
BUILD-11048,1,1,0,5.96,2,9.3,0,19.9,20.9,0.74,25.0,0
BUILD-11049,1,1,0,7.25,1,88.2,1,14.7,55.4,0.86,55.5,0
BUILD-11050,0,0,0,4.45,0,67.1,0,15.8,91.9,0.74,26.4,0
BUILD-11051,0,1,1,0.6,2,87.5,0,10.4,32.6,0.95,45.6,0
BUILD-11052,0,1,0,7.98,1,99.4,0,20.6,32.3,0.69,34.6,0
BUILD-11053,2,1,0,0.35,2,51.8,1,10.2,56.4,0.76,55.3,0
BUILD-11054,0,2,0,7.01,4,9.3,0,34.9,35.7,0.5,18.0,0
BUILD-11055,2,2,0,0.23,1,16.7,0,6.2,91.0,0.66,43.6,0
BUILD-11056,0,1,1,8.62,4,32.4,0,47.4,37.8,0.93,58.5,0
BUILD-11057,0,1,0,1.58,0,10.4,2,4.5,49.0,0.67,28.3,0
BUILD-11058,1,2,0,5.14,1,81.5,0,47.2,53.3,0.63,40.3,0
BUILD-11059,1,0,0,5.97,0,29.7,0,41.7,78.2,0.77,34.1,0
BUILD-11060,1,0,3,4.58,1,97.6,2,34.0,56.4,0.54,60.8,1
BUILD-11061,1,2,1,3.41,1,70.3,0,45.6,23.9,0.77,52.0,0
BUILD-11062,1,1,0,4.68,5,17.3,1,7.0,12.4,0.65,31.1,0
BUILD-11063,1,1,2,3.11,1,47.6,3,8.8,93.8,0.69,77.1,1
BUILD-11064,1,1,0,4.38,1,46.7,2,12.6,80.2,0.9,65.7,1
BUILD-11065,2,0,0,3.59,0,49.3,0,12.2,2.3,0.83,32.8,0
BUILD-11066,1,0,0,5.66,3,53.6,0,15.5,82.2,0.72,36.2,0
BUILD-11067,0,2,0,2.38,2,3.1,0,28.8,59.1,0.79,27.8,0
BUILD-11068,0,0,2,9.89,2,68.6,2,1.4,51.9,0.88,80.2,1
BUILD-11069,0,0,1,5.01,2,48.7,3,19.1,1.2,0.87,54.8,0
BUILD-11070,2,1,1,1.94,3,79.1,0,12.3,78.1,0.59,50.8,0
BUILD-11071,1,3,0,4.77,1,81.5,1,30.3,19.8,0.65,46.1,0
BUILD-11072,0,0,0,8.66,1,23.1,2,49.3,72.8,0.67,45.2,0
BUILD-11073,0,3,0,0.22,1,4.8,0,25.9,1.6,0.59,15.8,0
BUILD-11074,0,3,2,6.8,3,70.3,0,21.3,79.6,0.51,42.8,0
BUILD-11075,0,2,1,5.48,4,97.8,0,18.4,2.3,0.59,32.3,0
BUILD-11076,0,1,1,1.7,3,44.7,0,39.2,23.6,0.9,40.7,0
BUILD-11077,1,1,0,8.17,0,26.0,2,3.6,26.8,0.77,51.3,0
BUILD-11078,3,2,0,3.69,3,15.7,2,48.0,15.8,0.67,65.2,1
BUILD-11079,2,1,1,2.94,3,28.7,0,20.9,48.1,0.8,57.4,0
BUILD-11080,0,3,1,8.28,0,32.8,0,15.7,28.4,0.87,51.8,0
BUILD-11081,1,1,2,6.39,3,42.4,0,48.7,99.3,0.68,60.8,1
BUILD-11082,1,1,0,8.98,4,65.5,1,46.8,58.0,0.73,63.2,1
BUILD-11083,0,1,1,6.3,1,27.3,1,32.1,56.6,0.53,29.4,0
BUILD-11084,0,3,1,7.41,3,5.1,1,0.9,22.1,0.8,43.3,0
BUILD-11085,0,2,0,8.36,2,37.3,1,37.4,40.9,0.68,43.2,0
BUILD-11086,0,0,1,0.55,1,85.6,0,16.8,12.4,0.72,26.1,0
BUILD-11087,0,3,0,7.76,5,49.8,0,19.4,76.3,0.71,49.6,0
BUILD-11088,1,2,0,6.14,1,96.5,3,7.9,33.1,0.82,72.7,1
BUILD-11089,1,2,1,0.7,0,50.4,0,26.2,75.2,0.79,55.0,0
BUILD-11090,1,3,0,5.09,2,27.6,1,37.2,37.2,0.71,48.1,0
BUILD-11091,0,2,0,0.82,1,19.3,0,13.7,98.9,0.51,21.5,0
BUILD-11092,2,1,0,7.36,4,69.5,1,46.9,17.1,0.81,63.2,1
BUILD-11093,1,3,0,5.47,1,53.6,1,9.7,0.2,0.94,54.1,0
BUILD-11094,1,3,0,9.54,1,60.4,1,3.3,59.5,0.88,75.2,1
BUILD-11095,0,1,1,1.83,2,75.5,2,32.2,95.3,0.99,85.2,1
BUILD-11096,1,3,0,6.06,1,72.6,0,42.5,64.7,0.57,40.0,0
BUILD-11097,0,2,1,2.12,3,4.3,1,47.7,8.6,0.61,32.6,0
BUILD-11098,2,2,0,6.14,5,80.3,0,38.4,54.0,0.77,64.3,1
BUILD-11099,1,2,0,7.23,1,53.3,1,10.0,90.9,0.62,44.1,0
BUILD-11100,3,2,0,7.22,2,39.2,0,48.9,0.7,0.52,38.6,0
BUILD-11101,0,4,1,8.15,3,53.8,2,46.0,16.7,0.7,70.5,1
BUILD-11102,0,1,0,8.54,3,61.2,0,8.2,81.5,0.64,35.9,0
BUILD-11103,0,1,1,0.77,3,15.0,0,27.9,89.4,0.63,32.7,0
BUILD-11104,0,1,0,3.43,2,41.7,0,27.8,70.7,0.98,37.7,0
BUILD-11105,1,2,0,6.87,0,33.6,3,22.1,99.2,0.62,57.1,0
BUILD-11106,0,0,1,4.99,2,35.0,0,49.2,9.0,0.56,19.0,0
BUILD-11107,1,1,1,1.91,3,9.1,0,3.0,54.6,0.56,29.3,0
BUILD-11108,1,0,1,5.53,2,16.0,0,31.4,68.5,0.9,48.5,0
BUILD-11109,1,4,0,4.07,0,16.2,0,10.3,70.3,0.86,50.8,0
BUILD-11110,0,2,1,3.9,3,37.3,0,26.4,79.3,0.56,33.6,0
BUILD-11111,1,4,0,8.1,4,89.4,1,39.0,91.8,0.61,69.7,1
BUILD-11112,1,2,0,4.08,1,20.6,0,12.3,36.2,0.87,36.7,0
BUILD-11113,0,1,0,0.26,4,41.6,1,19.7,4.3,0.64,24.0,0
BUILD-11114,1,1,1,0.58,0,31.2,0,47.5,36.2,0.99,54.6,0
BUILD-11115,2,3,1,8.56,3,78.7,0,38.1,67.2,0.77,88.0,1
BUILD-11116,1,3,0,9.61,3,5.0,1,28.6,21.3,0.6,45.2,0
BUILD-11117,0,1,0,6.88,3,19.7,0,11.1,81.0,0.93,32.9,0
BUILD-11118,0,0,2,3.64,3,21.1,0,21.3,22.0,0.66,28.6,0
BUILD-11119,2,2,1,9.39,2,99.3,0,38.7,1.0,0.64,62.1,1
BUILD-11120,1,3,1,6.63,1,57.1,0,41.0,50.8,0.66,50.4,0
BUILD-11121,1,2,2,8.44,3,13.9,1,12.2,72.6,0.88,89.8,1
BUILD-11122,2,0,0,7.66,1,27.2,1,33.1,35.0,0.59,42.2,0
BUILD-11123,0,0,0,3.79,3,16.8,1,4.8,74.9,0.69,25.7,0
BUILD-11124,0,2,0,4.79,3,12.5,0,1.2,43.8,0.52,15.7,0
BUILD-11125,0,0,1,1.86,3,79.7,0,27.4,17.2,0.91,38.2,0
BUILD-11126,0,1,1,2.92,2,49.6,0,11.2,9.1,0.67,24.0,0
BUILD-11127,2,1,0,7.78,3,63.1,1,3.9,71.1,0.62,56.4,0
BUILD-11128,0,0,1,8.94,1,33.1,0,36.5,38.6,0.79,39.4,0
BUILD-11129,2,1,1,7.24,2,55.4,0,24.9,91.3,0.85,72.3,1
BUILD-11130,1,1,1,4.65,1,25.8,1,39.8,54.0,0.91,63.5,1
BUILD-11131,0,2,0,0.87,4,30.8,0,33.2,34.8,0.67,26.5,0
BUILD-11132,1,2,1,0.57,3,65.2,3,36.5,34.9,0.91,95.4,1
BUILD-11133,0,0,0,3.74,4,15.0,0,15.4,13.1,0.73,11.7,0
BUILD-11134,3,3,0,4.64,4,61.7,1,13.2,59.4,0.55,58.2,0
BUILD-11135,0,0,0,6.09,4,85.2,0,30.0,58.2,0.92,38.5,0
BUILD-11136,1,1,0,0.06,4,12.0,2,10.0,80.0,0.77,55.2,0
BUILD-11137,0,2,2,9.9,1,89.7,0,40.8,20.1,0.8,67.0,1
BUILD-11138,1,3,0,3.64,0,7.9,0,26.1,29.1,0.97,43.9,0
BUILD-11139,1,0,1,8.48,0,34.9,0,11.3,9.7,0.78,39.2,0
BUILD-11140,1,1,1,5.35,4,61.1,3,31.3,29.5,0.5,48.8,0
BUILD-11141,0,1,1,1.3,3,55.9,3,47.3,42.8,0.94,81.6,1
BUILD-11142,0,1,1,7.98,0,9.6,0,4.1,96.4,0.64,35.1,0
BUILD-11143,0,1,0,7.1,1,79.9,1,5.5,65.3,0.75,37.3,0
BUILD-11144,1,1,1,5.27,2,97.3,1,42.2,78.3,0.6,54.5,0
BUILD-11145,0,1,0,5.15,1,18.1,0,5.5,32.6,0.65,12.8,0
BUILD-11146,3,3,0,0.87,1,89.5,0,2.0,14.5,0.84,69.1,1
BUILD-11147,1,0,0,6.56,6,55.7,3,17.4,25.7,0.71,55.4,0
BUILD-11148,1,2,2,9.11,1,93.6,0,23.3,25.6,0.81,76.9,1
BUILD-11149,0,1,1,0.93,2,17.6,0,28.5,58.3,0.91,39.9,0
BUILD-11150,1,1,1,2.64,0,79.2,0,25.4,34.1,0.67,39.9,0
BUILD-11151,1,3,0,9.02,1,6.0,0,45.7,85.7,0.78,60.0,1
BUILD-11152,0,2,0,2.84,1,88.3,1,38.4,98.9,0.89,63.2,1
BUILD-11153,2,0,0,6.54,2,67.4,0,49.2,34.3,0.86,52.1,0
BUILD-11154,2,0,0,5.35,1,37.0,0,23.8,70.5,0.77,43.3,0
BUILD-11155,1,0,0,5.96,0,19.0,0,4.2,65.7,0.69,22.4,0
BUILD-11156,2,1,1,4.16,1,81.7,0,47.8,19.4,0.7,53.7,0
BUILD-11157,1,1,1,3.0,3,60.3,0,0.2,91.8,0.72,50.1,0
BUILD-11158,2,3,2,0.49,1,36.0,2,38.8,19.9,0.67,76.4,1
BUILD-11159,2,1,2,7.44,1,44.4,0,1.6,73.7,0.85,72.6,1
BUILD-11160,2,1,0,7.46,3,82.7,1,38.1,34.8,0.56,45.3,0
BUILD-11161,1,2,0,6.71,3,33.9,0,46.9,36.7,0.98,54.0,0
BUILD-11162,0,2,0,6.44,1,9.0,0,19.5,45.5,0.89,26.4,0
BUILD-11163,0,1,0,2.44,0,91.1,0,12.0,86.5,0.65,28.9,0
BUILD-11164,2,3,1,0.22,4,38.7,1,11.3,14.0,0.52,46.8,0
BUILD-11165,0,0,0,8.09,2,34.8,2,24.6,5.5,0.86,44.1,0
BUILD-11166,1,2,0,4.91,1,20.4,0,8.5,40.2,0.87,36.8,0
BUILD-11167,2,3,1,3.07,3,89.7,0,33.6,5.6,0.98,86.9,1
BUILD-11168,1,3,0,1.02,1,21.8,1,18.4,68.8,0.63,43.0,0
BUILD-11169,2,2,0,0.63,1,63.7,0,16.2,76.0,0.54,39.7,0
BUILD-11170,0,2,3,3.49,4,88.1,1,23.1,85.5,0.96,100.0,1
BUILD-11171,1,3,0,8.05,4,3.5,0,27.1,74.4,0.63,47.0,0
BUILD-11172,0,1,1,9.19,1,82.9,1,7.1,91.6,0.86,71.5,1
BUILD-11173,0,0,0,8.97,2,41.1,1,35.4,74.8,0.53,31.7,0
BUILD-11174,1,1,0,9.2,4,65.8,0,44.1,93.6,0.88,73.0,1
BUILD-11175,2,1,0,9.08,2,37.2,1,13.9,19.3,0.56,43.0,0
BUILD-11176,1,1,1,5.27,2,69.6,0,9.0,50.0,0.85,52.6,0
BUILD-11177,2,3,1,2.19,1,25.4,0,38.0,99.4,0.77,72.6,1
BUILD-11178,1,0,0,7.98,2,2.2,0,9.2,68.2,0.98,46.1,0
BUILD-11179,1,2,0,2.14,1,94.8,0,2.1,87.9,0.52,34.1,0
BUILD-11180,1,1,1,2.67,3,1.6,0,31.0,3.0,0.65,29.2,0
BUILD-11181,1,2,0,2.33,4,82.4,3,12.0,87.2,0.53,55.3,0
BUILD-11182,0,0,0,5.15,3,16.9,1,8.6,69.8,0.94,34.7,0
BUILD-11183,0,0,0,3.22,1,39.2,0,49.1,17.1,0.8,17.7,0
BUILD-11184,2,2,2,1.54,0,82.2,2,14.6,2.6,0.77,81.8,1
BUILD-11185,0,0,1,4.53,1,20.6,0,45.2,26.0,0.57,18.5,0
BUILD-11186,0,2,0,8.74,4,86.6,1,8.9,91.6,0.74,61.3,1
BUILD-11187,0,1,1,5.71,1,49.8,0,40.9,66.8,0.7,36.6,0
BUILD-11188,1,2,0,8.78,2,36.6,1,25.1,91.9,0.66,57.2,0
BUILD-11189,1,2,0,1.96,0,66.2,1,3.9,44.6,0.89,53.8,0
BUILD-11190,0,1,0,1.67,5,34.1,1,36.7,93.7,0.53,32.1,0
BUILD-11191,1,2,1,5.76,2,34.7,0,44.6,46.3,0.82,55.3,0
BUILD-11192,2,0,1,4.63,1,73.4,0,8.2,20.4,0.91,56.1,0
BUILD-11193,1,0,0,6.6,3,31.0,0,36.3,15.1,0.95,33.5,0
BUILD-11194,1,1,0,7.95,4,20.1,0,22.3,99.4,0.87,60.6,1
BUILD-11195,0,2,0,7.51,1,80.8,0,37.7,33.4,0.64,35.6,0
BUILD-11196,1,1,2,9.42,1,80.5,1,35.7,16.0,0.8,78.5,1
BUILD-11197,1,0,2,3.98,4,49.8,2,1.3,0.8,0.57,44.7,0
BUILD-11198,1,1,1,2.06,4,52.7,0,8.9,28.6,0.56,32.4,0
BUILD-11199,1,1,0,5.51,1,69.6,0,23.6,88.9,0.82,48.2,0
BUILD-11200,0,1,0,1.11,2,50.9,2,46.7,53.4,0.93,58.1,0
BUILD-11201,0,0,0,2.89,3,41.7,2,17.1,63.2,0.53,28.1,0
BUILD-11202,0,0,0,2.08,2,99.5,0,31.4,92.2,0.55,26.7,0
BUILD-11203,3,1,0,3.97,3,14.8,0,0.6,51.3,0.78,52.4,0
BUILD-11204,2,1,0,1.11,2,59.3,1,35.6,83.8,0.61,51.8,0
BUILD-11205,2,0,2,0.32,8,88.6,1,30.2,32.4,0.81,87.6,1
BUILD-11206,0,1,0,6.57,2,68.7,0,35.8,97.7,0.61,31.1,0
BUILD-11207,0,0,0,6.1,1,88.1,1,45.2,7.9,0.56,22.3,0
BUILD-11208,1,1,0,7.08,1,33.6,1,7.3,72.5,0.77,43.6,0
BUILD-11209,1,2,0,6.6,0,27.2,0,13.1,66.1,0.93,44.9,0
BUILD-11210,1,1,0,1.14,0,85.1,1,49.8,19.2,0.84,51.0,0
BUILD-11211,0,2,0,2.91,2,39.4,0,7.8,38.9,0.91,30.6,0
BUILD-11212,0,4,1,1.3,1,71.0,1,36.0,31.3,0.63,48.8,0
BUILD-11213,2,1,0,8.43,3,14.8,1,36.3,9.4,0.94,70.9,1
BUILD-11214,1,1,0,7.47,2,75.6,0,34.1,58.5,0.69,39.4,0
BUILD-11215,3,2,1,2.02,1,54.9,1,11.4,99.4,0.93,100.0,1
BUILD-11216,2,2,0,3.41,1,26.9,1,10.8,56.0,0.74,53.6,0
BUILD-11217,1,1,0,9.67,2,49.5,3,33.3,54.5,0.63,63.0,1
BUILD-11218,1,1,0,5.94,4,69.7,0,9.3,4.0,0.63,27.2,0
BUILD-11219,1,2,0,8.01,2,1.2,0,33.1,13.9,0.78,40.6,0
BUILD-11220,0,2,2,2.65,2,63.7,3,24.6,51.3,0.54,55.5,0
BUILD-11221,0,2,0,2.1,1,54.2,1,19.3,98.5,0.97,59.1,0
BUILD-11222,0,0,1,7.84,1,22.0,2,15.0,87.7,0.64,48.2,0
BUILD-11223,1,1,0,6.86,1,75.3,0,47.4,34.0,0.67,35.1,0
BUILD-11224,1,2,0,6.81,1,30.3,0,25.4,54.3,0.62,31.3,0
BUILD-11225,0,3,0,5.53,2,27.7,0,28.1,55.3,0.5,22.5,0
BUILD-11226,1,1,2,5.64,2,47.1,2,47.5,68.5,0.85,88.4,1
BUILD-11227,3,2,0,7.36,4,67.6,2,32.7,68.8,0.8,94.1,1
BUILD-11228,1,0,0,2.7,3,92.9,1,47.9,79.0,0.9,66.9,1
BUILD-11229,0,1,0,3.53,4,14.1,0,5.3,2.5,0.52,9.3,0
BUILD-11230,0,3,2,8.72,5,39.6,0,42.3,94.4,0.96,98.6,1
BUILD-11231,1,0,2,3.09,3,6.7,1,16.8,7.0,0.67,41.2,0
BUILD-11232,3,2,0,5.46,2,75.9,1,40.5,47.6,0.96,96.9,1
BUILD-11233,0,1,0,7.03,1,44.8,1,42.8,92.0,0.55,30.8,0
BUILD-11234,2,3,1,10.0,3,70.7,0,13.6,48.8,0.87,92.6,1
BUILD-11235,0,0,3,4.35,2,32.2,0,20.4,6.4,0.79,41.5,0
BUILD-11236,3,2,1,4.28,0,84.4,0,36.3,22.9,0.68,63.8,1
BUILD-11237,1,1,1,8.43,4,53.5,1,5.0,57.9,0.54,47.6,0
BUILD-11238,0,0,0,8.06,3,94.4,0,37.8,8.8,0.8,35.9,0
BUILD-11239,0,1,1,7.31,2,7.9,2,5.5,42.4,0.51,29.0,0
BUILD-11240,0,2,0,4.63,0,51.4,1,45.7,32.9,0.75,36.9,0
BUILD-11241,2,2,1,3.24,1,76.6,0,13.8,81.5,0.8,71.3,1
BUILD-11242,0,1,0,6.09,6,60.0,0,28.8,11.0,0.87,31.8,0
BUILD-11243,1,0,0,8.76,1,2.3,2,5.9,68.3,1.0,68.3,1
BUILD-11244,1,0,1,8.84,3,97.2,0,13.5,40.7,0.63,47.5,0
BUILD-11245,0,1,0,1.08,2,29.8,0,20.2,58.8,0.66,21.3,0
BUILD-11246,1,3,0,4.28,4,24.9,2,24.4,20.6,0.67,51.1,0
BUILD-11247,0,1,0,4.65,0,48.6,1,0.0,61.0,0.87,34.8,0
BUILD-11248,1,0,0,9.78,2,54.2,1,44.4,67.4,0.97,74.9,1
BUILD-11249,2,0,0,6.78,3,76.6,0,0.4,7.0,0.99,48.6,0
BUILD-11250,1,2,1,4.07,1,39.3,2,38.7,82.4,0.97,92.9,1
BUILD-11251,0,0,0,0.26,0,44.0,0,23.5,86.1,0.94,29.6,0
BUILD-11252,0,1,1,5.65,1,53.5,0,26.2,6.4,1.0,37.0,0
BUILD-11253,0,4,0,0.96,4,39.4,0,10.4,60.3,0.69,38.0,0
BUILD-11254,1,2,0,8.34,2,91.5,0,30.4,59.4,0.97,76.5,1
BUILD-11255,0,0,0,7.53,1,85.1,3,26.9,1.2,0.88,60.4,1
BUILD-11256,0,2,1,4.61,1,45.5,1,8.2,34.2,0.58,32.3,0
BUILD-11257,1,2,0,4.29,2,0.0,1,11.9,96.9,0.52,33.6,0
BUILD-11258,1,4,0,8.97,1,90.1,3,3.3,55.5,0.61,72.0,1
BUILD-11259,1,1,0,2.88,3,12.4,0,3.3,93.3,0.89,43.6,0
BUILD-11260,0,1,0,2.49,4,24.5,0,0.7,67.6,0.82,27.3,0
BUILD-11261,1,0,1,9.39,2,15.2,1,11.0,2.8,0.61,37.5,0
BUILD-11262,0,1,0,8.09,2,18.0,1,34.0,7.8,0.87,39.5,0
BUILD-11263,0,0,0,8.21,4,80.3,0,15.8,72.2,0.57,30.9,0
BUILD-11264,0,4,0,1.95,1,58.0,0,17.1,55.5,0.91,48.3,0
BUILD-11265,0,1,1,1.43,1,95.6,0,6.6,12.7,0.9,38.3,0
BUILD-11266,0,0,1,0.26,2,23.1,0,28.8,61.4,0.99,39.0,0
BUILD-11267,2,2,0,2.37,1,48.6,0,17.1,81.0,0.58,41.7,0
BUILD-11268,0,2,0,7.74,1,97.7,0,33.8,75.3,0.95,64.2,1
BUILD-11269,1,0,1,2.4,3,82.6,0,37.1,24.6,0.67,40.0,0
BUILD-11270,0,3,0,7.29,5,72.9,0,29.2,25.8,0.71,37.6,0
BUILD-11271,1,1,1,2.52,3,18.9,0,13.8,96.8,0.73,47.8,0
BUILD-11272,0,0,1,3.95,1,76.9,3,25.4,88.7,0.81,70.2,1
BUILD-11273,1,2,1,9.83,2,34.8,2,12.6,31.8,1.0,96.2,1
BUILD-11274,1,0,2,2.45,6,53.1,1,45.1,82.4,0.8,78.2,1
BUILD-11275,1,2,1,3.76,1,60.9,3,38.3,16.2,0.96,92.7,1
BUILD-11276,0,1,0,3.01,2,60.9,3,24.7,19.7,0.63,40.4,0
BUILD-11277,0,1,0,1.1,4,72.7,0,48.3,18.1,0.7,28.3,0
BUILD-11278,0,0,0,4.9,3,66.2,0,27.3,8.8,0.75,18.8,0
BUILD-11279,0,1,2,3.79,2,6.8,3,16.4,85.5,0.66,60.6,1
BUILD-11280,2,2,0,6.95,0,45.7,1,4.8,57.9,0.99,72.7,1
BUILD-11281,0,1,0,8.18,5,66.4,0,27.2,25.9,0.86,44.4,0
BUILD-11282,3,4,0,5.44,0,29.6,1,43.0,84.9,0.74,81.2,1
BUILD-11283,1,0,0,0.32,1,31.3,0,43.3,80.3,0.88,41.5,0
BUILD-11284,0,3,0,6.19,2,12.5,0,30.2,10.1,0.73,23.9,0
BUILD-11285,0,3,0,0.55,2,41.9,0,19.7,64.4,0.51,24.6,0
BUILD-11286,1,1,0,6.16,4,98.7,0,32.5,72.2,0.77,52.3,0
BUILD-11287,0,2,2,6.85,3,28.5,0,38.1,71.6,0.81,57.7,0
BUILD-11288,0,1,1,1.98,2,53.1,2,20.6,72.3,0.99,73.9,1
BUILD-11289,1,0,0,8.19,2,74.3,0,23.8,16.9,0.52,27.2,0
BUILD-11290,0,0,0,9.11,1,1.3,0,34.0,31.5,0.76,22.5,0
BUILD-11291,0,1,2,8.13,1,90.0,0,43.8,84.4,0.55,49.2,0
BUILD-11292,1,1,1,3.05,1,38.7,1,39.6,89.8,0.57,45.6,0
BUILD-11293,0,0,0,5.87,6,86.9,3,1.1,27.9,0.81,54.8,0
BUILD-11294,0,2,0,9.15,0,3.9,0,6.2,2.3,0.62,18.1,0
BUILD-11295,2,1,0,3.21,3,14.6,0,42.6,86.0,0.87,60.0,1
BUILD-11296,0,0,0,8.2,4,32.3,0,41.7,37.7,0.76,32.3,0
BUILD-11297,1,0,1,0.09,3,34.5,1,19.4,32.9,0.61,36.9,0
BUILD-11298,2,0,0,0.04,3,84.8,0,29.2,34.7,0.75,46.6,0
BUILD-11299,2,4,0,7.6,0,1.1,0,45.3,41.6,0.5,41.1,0
BUILD-11300,1,2,0,7.61,0,64.1,0,45.6,37.8,0.93,62.3,1
BUILD-11301,1,3,0,7.89,2,13.1,0,39.2,56.6,0.51,36.1,0
BUILD-11302,0,1,0,9.3,2,82.3,2,10.5,7.9,0.5,33.1,0
BUILD-11303,0,2,0,1.18,0,77.9,0,36.5,97.2,0.81,44.7,0
BUILD-11304,0,3,1,2.32,1,50.0,0,5.1,93.6,0.99,63.3,1
BUILD-11305,1,3,0,9.04,0,21.3,2,44.7,93.4,0.93,94.8,1
BUILD-11306,0,0,3,1.77,6,63.4,2,7.5,87.9,0.63,65.4,1
BUILD-11307,0,0,0,6.82,2,15.6,0,33.1,66.0,0.6,16.4,0
BUILD-11308,1,3,0,5.3,5,19.0,3,30.5,22.1,0.81,72.7,1
BUILD-11309,2,0,0,0.83,4,62.7,1,38.8,4.9,0.91,60.4,1
BUILD-11310,1,2,1,2.85,1,99.1,0,27.6,9.9,0.68,45.3,0
BUILD-11311,1,2,0,5.2,4,89.1,0,3.0,32.4,0.72,41.8,0
BUILD-11312,0,2,0,8.52,4,59.3,0,35.3,50.4,0.56,34.8,0
BUILD-11313,1,3,0,7.08,2,53.9,0,19.2,99.3,0.58,41.6,0
BUILD-11314,4,1,1,6.22,1,99.8,0,16.0,43.5,0.78,83.3,1
BUILD-11315,0,3,2,4.96,2,54.7,1,49.6,52.5,0.55,49.4,0
BUILD-11316,1,0,0,2.99,2,42.0,2,29.5,69.5,0.6,41.2,0
BUILD-11317,1,0,0,1.19,2,91.0,0,35.5,18.1,0.62,28.0,0
BUILD-11318,1,3,0,4.09,4,23.4,0,26.3,93.3,0.72,50.2,0
BUILD-11319,0,0,1,0.29,0,9.8,0,38.5,52.9,0.52,17.2,0
BUILD-11320,0,1,1,2.11,1,63.4,1,37.6,27.6,0.75,42.6,0
BUILD-11321,0,1,0,4.32,1,9.6,1,32.9,93.5,0.96,45.9,0
BUILD-11322,1,1,0,4.19,2,37.3,0,49.9,62.5,0.51,27.4,0
BUILD-11323,0,3,0,0.44,3,42.4,1,23.0,48.4,0.82,47.9,0
BUILD-11324,0,1,1,5.89,0,54.8,0,35.3,58.0,0.92,44.5,0
BUILD-11325,1,2,1,5.5,1,99.2,1,39.9,74.8,0.66,62.3,1
BUILD-11326,0,0,0,0.78,1,22.1,0,18.8,15.5,0.57,7.4,0
BUILD-11327,0,2,1,9.43,0,37.6,0,22.9,86.5,0.52,36.4,0
BUILD-11328,0,1,1,0.99,1,13.2,0,48.5,96.0,0.82,43.6,0
BUILD-11329,0,0,1,8.55,2,60.8,2,1.6,56.7,0.78,59.4,0
BUILD-11330,1,1,0,0.0,1,72.8,1,16.8,68.2,0.61,39.6,0
BUILD-11331,0,2,0,8.82,2,48.2,3,24.3,86.0,0.92,88.5,1
BUILD-11332,0,1,0,0.2,3,24.6,0,0.1,37.5,0.87,21.5,0
BUILD-11333,1,1,2,7.58,3,62.1,0,45.0,99.3,0.64,66.7,1
BUILD-11334,1,1,0,3.62,2,53.9,0,14.3,68.1,0.88,45.3,0
BUILD-11335,1,2,0,7.38,2,17.1,1,12.9,42.4,0.62,34.8,0
BUILD-11336,2,2,0,4.02,0,40.6,2,41.0,67.7,0.84,77.8,1
BUILD-11337,0,0,0,0.71,1,43.5,2,13.9,52.2,0.56,26.1,0
BUILD-11338,0,1,0,7.68,1,98.3,1,32.9,11.2,0.85,49.7,0
BUILD-11339,0,1,1,0.71,2,84.9,1,41.1,79.6,0.62,46.4,0
BUILD-11340,0,1,0,9.22,6,73.4,2,39.6,56.4,0.79,69.5,1
BUILD-11341,0,2,1,0.51,1,88.9,0,39.1,79.6,0.59,40.3,0
BUILD-11342,1,1,0,4.79,1,73.5,2,4.4,15.5,0.86,53.6,0
BUILD-11343,0,2,1,7.23,3,90.3,2,4.0,53.8,0.53,43.8,0
BUILD-11344,1,1,0,3.93,4,5.5,0,15.3,76.7,0.58,27.9,0
BUILD-11345,1,1,0,2.17,1,45.6,1,1.8,98.8,0.59,37.5,0
BUILD-11346,2,3,2,7.59,2,74.7,0,25.0,88.4,0.52,64.9,1
BUILD-11347,1,1,0,7.84,2,58.3,0,19.7,86.4,0.87,60.5,1
BUILD-11348,1,0,0,9.23,1,17.5,1,27.9,24.7,0.99,54.7,0
BUILD-11349,0,3,0,3.76,1,34.0,0,14.9,83.8,0.89,42.8,0
BUILD-11350,0,1,0,5.06,0,31.8,0,24.3,16.9,0.93,19.0,0
BUILD-11351,1,1,0,3.63,1,26.1,2,16.7,19.8,0.5,28.4,0
BUILD-11352,1,2,0,2.57,2,34.3,0,9.8,11.0,0.56,22.8,0
BUILD-11353,2,1,1,7.51,3,51.5,0,32.5,85.8,0.78,76.5,1
BUILD-11354,0,2,1,3.4,2,85.5,1,33.7,10.8,0.99,64.1,1
BUILD-11355,0,2,0,4.28,5,74.2,0,41.5,13.8,0.83,38.7,0
BUILD-11356,0,0,1,4.04,1,83.5,0,43.7,24.6,0.69,30.1,0
BUILD-11357,0,1,0,7.13,1,88.4,0,35.2,57.3,0.57,25.0,0
BUILD-11358,0,1,0,9.18,1,41.6,0,34.4,88.0,0.58,32.5,0
BUILD-11359,0,0,0,6.67,3,34.6,0,2.8,41.8,0.68,14.8,0
BUILD-11360,2,0,1,4.72,2,5.8,2,5.5,54.6,0.86,69.1,1
BUILD-11361,1,2,0,7.79,0,93.0,0,40.6,16.6,0.52,34.9,0
BUILD-11362,0,0,1,6.41,2,6.6,0,11.6,26.6,0.93,23.7,0
BUILD-11363,1,2,0,0.61,2,74.1,3,17.8,13.4,0.97,81.4,1
BUILD-11364,0,0,1,0.96,1,37.8,2,7.3,41.0,0.94,51.0,0
BUILD-11365,3,0,1,0.38,0,94.9,0,9.8,59.0,0.96,82.8,1
BUILD-11366,1,0,1,4.57,1,42.0,1,38.8,28.4,0.51,31.0,0
BUILD-11367,0,0,2,8.26,3,81.7,1,13.1,84.6,0.99,90.2,1
BUILD-11368,0,1,0,3.13,1,28.3,1,22.5,98.1,0.68,34.2,0
BUILD-11369,1,1,0,3.84,5,29.9,1,7.6,12.0,0.93,46.8,0
BUILD-11370,0,3,1,9.09,2,59.6,0,33.9,1.8,0.59,39.6,0
BUILD-11371,3,1,0,8.37,3,99.8,0,36.4,79.0,0.72,78.5,1
BUILD-11372,1,4,1,6.65,2,51.8,0,18.1,19.1,0.52,37.6,0
BUILD-11373,1,1,1,2.67,0,93.6,1,39.2,35.3,0.52,39.7,0
BUILD-11374,1,0,0,1.17,1,78.6,1,12.0,39.4,0.97,50.9,0
BUILD-11375,2,1,0,0.16,1,79.6,0,34.6,91.7,0.91,70.2,1
BUILD-11376,2,1,0,1.07,3,43.6,0,36.5,65.9,0.76,52.3,0
BUILD-11377,2,2,1,2.93,4,38.7,3,48.4,4.1,0.76,84.3,1
BUILD-11378,0,2,0,5.52,2,19.2,0,11.6,1.5,0.87,19.4,0
BUILD-11379,0,1,0,0.64,3,96.4,0,4.7,20.0,0.67,23.6,0
BUILD-11380,1,3,0,1.36,0,95.9,1,13.2,31.8,0.88,62.6,1
BUILD-11381,1,1,1,1.81,0,74.7,0,6.1,48.5,0.74,43.1,0
BUILD-11382,3,0,0,6.32,1,29.6,0,8.5,83.8,0.82,56.3,0
BUILD-11383,2,1,0,6.16,2,24.5,0,16.7,31.5,0.98,51.1,0
BUILD-11384,1,2,0,5.51,2,98.9,1,20.7,37.7,0.74,53.2,0
BUILD-11385,0,1,2,2.51,2,6.7,0,45.2,32.9,0.71,36.9,0
BUILD-11386,1,1,3,3.71,2,84.4,2,9.8,0.9,0.95,96.5,1
BUILD-11387,2,0,0,0.97,0,35.5,0,48.6,95.5,0.95,61.0,1
BUILD-11388,1,0,0,2.26,2,41.9,1,40.5,13.9,1.0,47.2,0
BUILD-11389,1,0,0,8.98,1,83.2,0,44.1,28.8,0.78,46.7,0
BUILD-11390,1,0,1,9.8,0,9.1,0,46.5,12.9,0.67,36.7,0
BUILD-11391,1,1,0,6.48,1,35.4,1,37.7,49.1,0.62,35.7,0
BUILD-11392,2,1,0,9.17,1,95.2,0,39.4,93.2,0.52,49.7,0
BUILD-11393,0,1,0,6.43,0,69.9,1,21.9,10.1,0.86,31.8,0
BUILD-11394,0,0,0,0.33,2,75.5,0,25.5,44.1,0.62,20.0,0
BUILD-11395,1,1,2,9.97,2,75.8,0,46.6,2.2,0.8,70.2,1
BUILD-11396,0,4,0,0.99,2,6.1,1,18.9,77.1,0.96,59.1,0
BUILD-11397,1,2,0,6.83,2,20.3,1,2.1,64.1,0.98,58.3,0
BUILD-11398,3,0,0,2.53,0,49.1,0,38.1,70.0,0.5,36.5,0
BUILD-11399,0,2,1,3.92,3,36.8,2,28.7,47.2,0.66,50.0,0
BUILD-11400,3,0,0,6.46,0,41.1,0,40.7,90.8,0.92,70.3,1
BUILD-11401,2,1,1,4.36,2,78.1,0,3.8,41.0,0.77,57.2,0
BUILD-11402,2,1,0,2.51,0,1.5,0,31.1,51.4,0.9,46.0,0
BUILD-11403,0,1,0,3.34,4,66.0,0,12.4,69.5,0.93,40.6,0
BUILD-11404,1,2,0,3.42,0,0.0,0,45.2,52.1,0.72,33.2,0
BUILD-11405,0,3,0,9.59,5,6.3,1,5.5,18.9,0.68,41.3,0
BUILD-11406,0,2,0,7.99,4,40.8,0,42.2,31.7,0.73,40.1,0
BUILD-11407,0,0,1,4.59,0,84.1,0,4.4,9.2,0.83,25.8,0
BUILD-11408,0,1,0,2.0,0,14.5,3,1.3,43.3,0.68,35.7,0
BUILD-11409,0,0,1,8.11,2,55.5,0,11.8,60.9,0.89,48.8,0
BUILD-11410,2,1,0,1.57,3,67.9,0,16.7,11.9,0.95,54.9,0
BUILD-11411,2,2,0,2.1,1,23.0,0,31.3,63.1,0.64,42.2,0
BUILD-11412,0,2,1,3.66,1,51.2,0,6.6,89.3,0.98,56.1,0
BUILD-11413,1,0,1,8.8,2,91.1,0,21.9,33.8,0.81,58.6,0
BUILD-11414,1,0,0,1.32,4,51.2,0,10.2,22.2,0.94,35.4,0
BUILD-11415,0,1,1,1.22,1,15.7,1,42.8,89.3,0.55,34.3,0
BUILD-11416,0,0,0,4.94,1,62.8,1,2.2,69.2,0.63,25.5,0
BUILD-11417,0,0,0,2.76,0,59.2,1,17.8,10.5,0.66,18.5,0
BUILD-11418,0,2,1,5.69,1,2.7,1,31.6,40.8,0.65,34.8,0
BUILD-11419,0,0,0,4.52,0,9.1,0,45.7,67.4,0.59,14.8,0
BUILD-11420,2,0,0,4.35,1,15.7,0,43.4,57.4,0.93,49.3,0
BUILD-11421,1,2,0,1.12,2,13.6,1,44.8,61.9,0.71,46.7,0
BUILD-11422,1,2,0,1.41,3,25.9,0,3.1,56.7,0.98,48.7,0
BUILD-11423,2,3,0,8.21,1,45.4,0,42.0,79.8,0.79,74.9,1
BUILD-11424,0,1,2,8.86,4,37.2,1,39.0,32.0,0.57,48.5,0
BUILD-11425,1,2,2,2.35,3,89.1,0,45.1,70.8,0.77,75.1,1
BUILD-11426,1,1,0,1.13,2,61.2,1,15.6,99.1,1.0,71.1,1
BUILD-11427,1,2,0,0.53,1,87.6,0,45.6,39.0,0.78,48.1,0
BUILD-11428,1,1,1,6.08,3,52.7,3,20.1,79.1,0.5,51.4,0
BUILD-11429,1,3,1,7.15,3,9.0,1,31.7,24.6,0.97,72.6,1
BUILD-11430,3,1,0,3.73,2,46.3,0,21.2,28.2,0.62,43.4,0
BUILD-11431,1,1,0,6.8,1,82.2,1,21.4,93.5,0.84,61.3,1
BUILD-11432,1,4,0,7.13,2,19.4,1,27.3,2.6,0.76,47.9,0
BUILD-11433,1,0,2,9.35,2,9.1,1,17.8,21.7,0.66,51.6,0
BUILD-11434,0,2,2,0.65,4,32.9,0,39.6,48.3,0.64,44.3,0
BUILD-11435,1,2,1,1.92,1,38.9,0,31.7,40.2,0.96,60.1,1
BUILD-11436,1,1,0,0.69,0,30.6,0,34.5,62.9,0.96,44.1,0
BUILD-11437,0,4,0,8.68,7,13.5,0,11.6,19.3,0.76,46.1,0
BUILD-11438,1,2,1,7.93,1,25.1,2,48.5,7.1,0.63,57.2,0
BUILD-11439,0,4,2,5.75,2,68.2,0,33.0,36.9,0.55,44.4,0
BUILD-11440,1,0,0,0.84,1,38.6,0,9.9,52.4,0.58,21.0,0
BUILD-11441,1,1,0,2.73,7,63.3,0,37.5,56.2,0.76,48.9,0
BUILD-11442,0,3,0,2.98,1,53.6,2,8.7,60.1,0.65,44.2,0
BUILD-11443,1,3,0,5.61,4,54.9,1,3.2,54.9,0.52,38.6,0
BUILD-11444,0,1,0,2.58,0,24.9,1,26.4,24.6,0.73,23.7,0
BUILD-11445,0,0,0,0.73,1,52.2,2,27.7,76.5,0.87,48.8,0
BUILD-11446,0,1,0,7.31,3,2.4,2,9.4,8.8,0.95,36.6,0
BUILD-11447,1,2,0,2.99,5,43.2,1,17.4,19.8,0.79,49.4,0
BUILD-11448,2,2,0,4.52,3,57.3,0,47.3,73.9,0.86,70.0,1
BUILD-11449,1,2,2,1.28,1,18.2,0,14.3,28.0,0.68,44.4,0
BUILD-11450,1,1,0,8.03,1,25.7,1,7.8,49.3,0.75,47.1,0
BUILD-11451,1,1,0,5.66,3,22.0,0,49.6,32.7,0.86,39.7,0
BUILD-11452,0,3,0,9.02,1,7.1,1,15.1,50.7,0.86,52.7,0
BUILD-11453,1,3,0,4.95,3,34.8,0,34.0,34.7,0.71,41.6,0
BUILD-11454,0,2,1,9.41,2,97.9,1,11.6,99.4,0.77,74.7,1
BUILD-11455,0,3,0,8.92,0,35.4,0,27.5,35.7,0.96,50.2,0
BUILD-11456,3,2,1,5.76,0,46.1,0,19.3,62.7,0.82,75.6,1
BUILD-11457,2,2,0,9.34,2,65.3,1,48.1,88.8,0.82,90.4,1
BUILD-11458,0,1,0,3.23,3,64.8,0,21.6,63.8,0.89,37.4,0
BUILD-11459,2,0,0,3.66,1,95.0,1,29.2,56.6,0.56,42.7,0
BUILD-11460,0,1,0,0.45,2,85.8,1,47.2,56.9,0.76,44.6,0
BUILD-11461,2,2,0,5.89,1,79.4,3,49.5,49.6,0.98,100.0,1
BUILD-11462,1,3,0,7.22,1,95.2,2,5.1,80.8,0.68,63.5,1
BUILD-11463,0,2,0,7.74,1,23.1,0,41.7,5.0,0.65,25.8,0
BUILD-11464,0,1,1,1.5,3,61.7,1,19.1,88.5,0.8,56.1,0
BUILD-11465,0,1,0,4.44,1,88.7,0,29.7,58.6,0.61,26.3,0
BUILD-11466,1,0,0,1.77,4,62.4,0,18.8,84.9,0.78,42.9,0
BUILD-11467,2,0,0,6.62,3,97.7,1,20.1,1.0,0.58,38.7,0
BUILD-11468,1,3,1,1.58,4,10.0,1,7.9,86.9,0.79,68.0,1
BUILD-11469,1,1,0,9.04,2,43.9,0,28.6,12.0,0.8,43.3,0
BUILD-11470,1,2,0,2.31,1,97.7,0,27.3,72.1,0.71,47.8,0
BUILD-11471,0,2,0,2.91,1,38.0,2,9.5,41.7,0.69,37.9,0
BUILD-11472,0,1,0,8.51,2,74.0,0,27.1,68.1,0.62,35.4,0
BUILD-11473,2,1,2,4.58,2,3.0,2,48.7,62.8,0.67,72.6,1
BUILD-11474,1,2,0,0.24,2,69.5,1,35.7,16.3,0.75,48.4,0
BUILD-11475,1,2,0,4.95,4,93.5,0,24.0,51.5,0.62,41.6,0
BUILD-11476,1,1,0,0.85,1,38.3,0,45.8,27.7,0.89,38.9,0
BUILD-11477,0,2,1,9.85,2,2.1,0,28.8,56.0,0.85,52.9,0
BUILD-11478,0,1,0,5.88,1,2.8,2,6.8,73.8,0.63,30.6,0
BUILD-11479,0,0,0,2.57,1,89.2,2,27.4,8.1,0.55,26.4,0
BUILD-11480,1,0,1,5.64,3,72.3,1,9.0,51.6,0.5,34.8,0
BUILD-11481,1,0,0,0.77,1,10.7,0,38.4,61.8,0.8,30.7,0
BUILD-11482,0,4,0,8.0,4,5.5,1,48.4,29.5,0.61,44.4,0
BUILD-11483,0,3,0,9.25,2,80.5,0,18.0,95.3,0.51,38.9,0
BUILD-11484,0,3,1,8.74,0,81.0,1,21.7,52.0,0.68,59.0,0
BUILD-11485,0,0,0,3.42,5,12.1,0,21.1,18.3,0.98,19.2,0
BUILD-11486,0,2,0,3.26,3,30.2,2,14.3,10.8,0.84,43.1,0
BUILD-11487,1,2,1,0.35,2,78.0,1,39.7,54.2,0.93,81.5,1
BUILD-11488,1,2,0,6.51,0,52.5,0,30.9,37.5,0.57,28.6,0
BUILD-11489,0,3,0,5.35,0,95.7,2,3.2,19.3,0.54,34.6,0
BUILD-11490,1,2,1,4.59,4,48.1,0,41.9,3.1,0.51,32.5,0
BUILD-11491,1,1,1,9.08,1,67.7,0,9.4,56.7,0.98,73.9,1
BUILD-11492,0,1,0,1.68,1,51.0,0,49.0,59.9,0.65,26.0,0
BUILD-11493,2,0,1,0.1,1,94.3,1,18.8,14.2,0.73,56.5,0
BUILD-11494,1,1,1,0.73,4,39.9,2,30.8,60.2,0.7,62.2,1
BUILD-11495,0,1,0,2.23,1,23.0,2,3.9,95.2,0.87,49.1,0
BUILD-11496,2,1,0,0.33,6,32.7,1,17.2,97.8,0.65,56.5,0
BUILD-11497,0,0,2,5.03,3,85.3,0,40.1,88.8,0.77,56.6,0
BUILD-11498,0,0,0,3.14,0,49.8,0,23.9,80.7,1.0,31.5,0
BUILD-11499,0,2,0,1.8,1,35.4,0,45.2,20.9,0.72,24.5,0
BUILD-11500,1,3,0,7.5,3,54.4,2,28.8,15.6,0.78,71.3,1
BUILD-11501,0,1,0,2.04,2,13.3,3,46.4,44.5,0.75,48.5,0
BUILD-11502,0,2,0,6.88,2,0.5,0,49.1,62.0,0.9,35.2,0
BUILD-11503,0,1,2,3.49,2,28.1,1,22.7,85.1,0.63,46.9,0
BUILD-11504,0,2,0,5.12,1,60.5,1,28.3,23.2,0.59,27.9,0
BUILD-11505,3,1,0,9.34,1,71.2,0,41.7,48.0,0.88,84.2,1
BUILD-11506,3,2,1,0.37,2,82.7,1,11.1,64.7,0.71,80.2,1
BUILD-11507,0,1,0,5.0,1,92.7,2,43.1,44.6,0.96,63.2,1
BUILD-11508,0,1,0,8.54,2,41.2,0,29.6,45.4,0.82,38.2,0
BUILD-11509,0,2,2,5.88,2,74.1,2,36.3,22.5,0.78,69.7,1
BUILD-11510,0,2,1,2.77,2,7.5,0,4.0,98.7,0.54,28.3,0
BUILD-11511,0,2,0,3.98,2,5.8,0,38.3,47.5,0.87,30.4,0
BUILD-11512,1,1,2,6.8,3,12.5,0,15.5,53.3,0.84,56.7,0
BUILD-11513,1,1,0,8.91,1,44.9,2,40.3,21.9,0.82,64.8,1
BUILD-11514,4,0,2,0.41,6,21.1,0,25.5,51.4,0.63,70.1,1
BUILD-11515,1,2,0,0.72,2,28.7,1,13.7,25.5,0.97,53.1,0
BUILD-11516,0,3,2,3.25,1,64.8,1,47.6,20.2,0.66,54.4,0
BUILD-11517,0,1,1,2.33,0,35.9,0,38.3,27.6,0.58,22.4,0
BUILD-11518,0,1,0,2.65,2,55.7,2,49.3,0.3,0.99,51.7,0
BUILD-11519,0,0,1,2.21,1,41.2,0,18.2,57.0,0.87,33.0,0
BUILD-11520,2,0,0,1.96,1,16.9,2,32.5,38.7,0.71,49.4,0
BUILD-11521,0,0,1,1.31,1,7.4,0,30.6,89.9,0.97,39.9,0
BUILD-11522,2,0,0,9.34,1,23.6,1,34.4,4.1,0.55,36.8,0
BUILD-11523,1,0,1,1.44,2,5.8,1,1.9,4.3,0.54,23.6,0
BUILD-11524,0,2,0,2.04,0,61.9,2,14.6,88.6,0.84,57.7,0
BUILD-11525,1,2,0,2.46,1,79.6,0,45.5,12.7,0.59,32.1,0
BUILD-11526,1,2,0,9.33,3,34.0,1,21.2,0.2,0.96,65.4,1
BUILD-11527,1,1,1,7.56,1,38.7,0,48.0,17.9,0.92,61.1,1
BUILD-11528,0,1,0,7.9,2,81.6,0,10.7,82.4,0.65,37.5,0
BUILD-11529,0,1,1,1.05,1,22.3,0,49.9,80.3,0.94,48.6,0
BUILD-11530,1,1,0,8.36,0,11.9,0,34.9,34.0,0.52,25.6,0
BUILD-11531,0,0,1,4.08,3,50.1,2,38.8,66.8,0.77,55.4,0
BUILD-11532,2,2,0,2.63,1,64.6,1,19.8,50.7,0.97,77.6,1
BUILD-11533,1,1,0,5.76,7,60.0,0,45.4,90.5,0.93,67.6,1
BUILD-11534,0,0,0,8.22,3,71.4,2,27.3,5.6,0.68,41.3,0
BUILD-11535,0,0,0,7.79,0,5.7,0,34.0,81.3,0.59,22.1,0
BUILD-11536,1,1,0,8.9,3,42.8,1,4.7,17.1,0.61,38.7,0
BUILD-11537,1,0,1,9.28,3,23.9,2,31.6,39.2,0.76,66.8,1
BUILD-11538,0,1,1,2.38,3,75.9,2,44.0,19.2,0.8,58.8,0
BUILD-11539,0,1,0,4.24,0,87.3,0,8.9,70.3,0.52,20.6,0
BUILD-11540,0,2,0,0.15,0,28.1,1,36.9,67.8,0.71,36.0,0
BUILD-11541,0,1,0,8.79,1,9.5,0,1.3,54.8,0.92,33.0,0
BUILD-11542,0,1,1,1.55,2,25.3,2,46.3,69.8,0.72,53.1,0
BUILD-11543,4,0,0,8.61,1,10.4,1,49.1,64.0,0.58,61.9,1
BUILD-11544,1,2,1,3.29,7,32.2,1,17.7,77.6,0.98,87.7,1
BUILD-11545,4,1,0,3.68,1,53.8,0,5.4,23.9,0.63,50.1,0
BUILD-11546,0,2,0,0.39,0,97.4,1,32.9,42.9,0.9,51.8,0
BUILD-11547,0,2,3,3.27,2,39.9,1,1.5,15.2,0.6,45.7,0
BUILD-11548,1,0,1,8.88,3,22.0,1,24.1,43.0,0.71,53.3,0
BUILD-11549,2,3,0,0.26,3,16.7,1,13.6,70.2,0.75,63.1,1
BUILD-11550,4,0,1,4.06,2,17.3,2,23.7,69.1,0.75,87.4,1
BUILD-11551,2,2,0,0.31,2,19.3,1,0.9,70.9,0.76,56.5,0
BUILD-11552,1,1,0,3.71,1,76.2,0,2.6,30.9,0.61,26.5,0
BUILD-11553,0,1,0,1.73,1,6.1,2,0.8,66.2,0.76,35.3,0
BUILD-11554,1,5,1,2.52,2,99.7,0,31.0,36.7,0.74,69.4,1
BUILD-11555,0,2,0,8.78,1,52.3,1,28.0,94.4,0.6,45.0,0
BUILD-11556,1,2,0,4.36,1,54.4,2,11.7,34.3,0.99,69.8,1
BUILD-11557,1,1,2,2.74,3,35.8,0,32.3,60.3,0.93,71.2,1
BUILD-11558,0,0,2,5.89,2,69.0,2,44.2,75.0,0.94,83.5,1
BUILD-11559,0,1,0,1.42,2,47.1,1,13.9,90.6,0.84,44.1,0
BUILD-11560,1,1,0,2.59,1,32.9,1,41.6,43.8,0.58,32.9,0
BUILD-11561,1,2,1,5.46,2,26.5,0,33.1,36.0,0.78,48.0,0
BUILD-11562,0,2,0,2.38,3,92.6,0,1.7,43.0,0.91,41.1,0
BUILD-11563,2,0,0,6.79,1,29.1,3,18.8,32.4,0.52,41.2,0
BUILD-11564,0,3,1,4.91,3,43.6,0,25.4,65.4,0.75,48.1,0
BUILD-11565,0,1,2,7.72,3,35.0,1,36.6,93.3,0.7,65.8,1
BUILD-11566,1,0,0,9.48,2,8.6,0,14.4,12.6,0.61,24.0,0
BUILD-11567,0,3,0,1.16,3,18.6,0,49.1,56.1,0.69,34.0,0
BUILD-11568,0,2,1,3.35,6,19.0,1,34.2,89.8,0.99,76.3,1
BUILD-11569,0,0,0,3.2,3,69.4,0,18.6,10.0,0.86,20.9,0
BUILD-11570,2,0,0,1.51,1,40.7,3,4.9,49.4,0.65,53.6,0
BUILD-11571,1,3,0,8.1,2,78.2,1,9.1,86.5,0.8,76.4,1
BUILD-11572,0,0,2,7.6,2,70.9,1,24.4,90.0,0.62,55.4,0
BUILD-11573,3,4,0,4.84,2,19.2,0,24.7,51.4,0.81,72.5,1
BUILD-11574,0,2,0,5.38,3,56.3,3,38.4,2.5,0.95,66.7,1
BUILD-11575,1,1,1,0.6,2,74.3,0,36.3,10.6,0.78,46.3,0
BUILD-11576,1,0,1,5.56,5,63.3,1,10.1,58.7,0.87,63.9,1
BUILD-11577,1,0,0,7.91,2,60.0,0,29.7,12.4,0.73,36.1,0
BUILD-11578,0,0,3,5.74,0,74.0,0,1.0,14.9,0.76,41.7,0
BUILD-11579,1,1,0,2.65,0,5.7,1,19.9,77.2,0.85,45.0,0
BUILD-11580,1,2,0,6.68,1,73.1,1,38.2,75.1,0.91,69.8,1
BUILD-11581,0,0,1,3.61,3,27.3,0,20.0,84.3,0.83,37.7,0
BUILD-11582,0,2,0,5.45,1,57.2,0,41.8,10.6,0.99,34.9,0
BUILD-11583,0,4,2,4.88,1,24.2,1,48.8,19.8,0.91,73.8,1
BUILD-11584,1,1,0,3.81,2,83.9,0,30.4,83.3,0.89,56.4,0
BUILD-11585,2,1,0,7.19,1,48.1,0,7.3,72.1,0.92,56.8,0
BUILD-11586,1,1,1,8.84,2,64.3,0,19.0,80.6,0.64,53.3,0
BUILD-11587,1,4,2,0.05,3,79.4,0,0.5,99.0,0.72,76.3,1
BUILD-11588,0,3,0,9.34,5,89.5,0,30.1,86.4,0.78,65.6,1
BUILD-11589,3,2,0,5.12,3,73.2,0,41.1,52.0,0.73,67.3,1
BUILD-11590,1,3,0,7.01,1,14.9,1,31.5,31.1,0.92,56.2,0
BUILD-11591,1,4,0,8.56,3,85.5,0,39.3,57.0,0.51,47.7,0
BUILD-11592,1,3,0,4.67,0,61.9,1,40.0,63.9,0.6,46.1,0
BUILD-11593,0,2,0,8.35,5,60.9,3,42.6,33.5,0.94,89.7,1
BUILD-11594,1,1,0,1.78,3,92.1,3,13.3,77.1,0.53,50.9,0
BUILD-11595,0,1,0,1.59,1,24.9,2,43.6,9.3,0.61,27.8,0
BUILD-11596,0,0,0,6.57,3,24.0,0,32.7,77.9,0.68,22.6,0
BUILD-11597,2,1,0,8.7,0,51.3,0,14.5,3.2,0.88,53.1,0
BUILD-11598,2,1,0,8.92,4,75.1,2,49.4,49.8,0.78,87.3,1
BUILD-11599,2,2,1,6.44,2,44.7,0,47.5,86.1,0.98,90.5,1
BUILD-11600,0,2,0,5.25,0,63.4,0,28.7,8.6,0.61,19.3,0
BUILD-11601,2,0,1,3.31,0,45.3,1,42.2,51.8,0.94,74.2,1
BUILD-11602,0,1,0,9.8,1,61.0,0,13.1,15.9,0.64,26.1,0
BUILD-11603,0,2,2,3.2,1,82.2,2,20.8,89.5,0.62,62.5,1
BUILD-11604,0,0,0,7.44,1,18.0,1,9.2,83.2,0.75,27.3,0
BUILD-11605,1,1,1,5.32,0,69.5,1,26.0,93.4,0.54,44.3,0
BUILD-11606,0,1,0,6.09,2,78.7,2,24.8,87.5,0.69,49.0,0
BUILD-11607,1,0,1,3.93,3,44.7,0,10.6,73.7,0.68,39.7,0
BUILD-11608,1,2,1,9.65,2,32.3,1,33.6,18.5,0.58,49.4,0
BUILD-11609,0,2,1,5.72,1,1.4,0,5.9,30.3,0.93,32.4,0
BUILD-11610,0,1,0,9.38,3,79.7,1,3.1,49.7,0.69,44.3,0
BUILD-11611,0,1,0,0.08,1,32.8,0,19.2,58.9,0.99,30.5,0
BUILD-11612,0,5,0,5.73,5,35.7,1,20.5,78.2,0.95,75.5,1
BUILD-11613,2,4,0,7.17,2,33.6,3,16.0,22.7,0.6,62.6,1
BUILD-11614,2,2,1,7.45,2,49.9,0,12.9,12.8,0.75,53.1,0
BUILD-11615,0,0,1,9.05,4,70.2,0,16.9,48.3,0.8,48.8,0
BUILD-11616,0,1,0,0.04,1,77.2,0,8.2,15.8,0.91,25.1,0
BUILD-11617,0,1,1,0.0,0,39.3,0,20.2,69.4,0.94,42.4,0
BUILD-11618,2,2,0,4.72,3,66.3,0,45.2,57.6,0.81,64.1,1
BUILD-11619,0,0,1,0.29,1,72.1,2,11.2,74.1,0.52,35.7,0
BUILD-11620,4,0,2,9.75,1,29.7,0,34.2,6.3,0.74,81.7,1
BUILD-11621,1,3,1,2.22,4,9.7,0,7.1,96.5,0.94,72.2,1
BUILD-11622,0,1,0,4.73,2,89.5,1,17.7,0.0,0.86,35.6,0
BUILD-11623,1,1,1,0.61,1,67.7,0,16.1,32.5,0.94,53.8,0
BUILD-11624,0,0,1,5.22,3,64.8,0,46.9,68.0,0.84,45.3,0
BUILD-11625,2,1,2,3.8,1,5.9,1,21.4,4.5,0.52,40.5,0
BUILD-11626,0,2,0,0.45,3,81.8,1,34.5,8.3,0.98,51.9,0
BUILD-11627,0,0,0,3.35,4,56.6,0,30.1,7.7,0.96,24.4,0
BUILD-11628,1,1,1,3.91,4,84.8,0,7.1,58.2,0.56,39.2,0
BUILD-11629,2,2,0,9.9,1,97.5,0,47.0,89.6,0.56,58.3,0
BUILD-11630,1,1,0,2.08,4,95.7,0,17.3,55.5,0.77,46.8,0
BUILD-11631,0,2,2,5.45,0,85.6,0,2.2,60.4,0.88,59.1,0
BUILD-11632,3,0,0,9.87,0,1.1,1,15.0,34.6,0.69,54.2,0
BUILD-11633,1,2,0,7.92,0,88.6,2,16.8,1.9,0.57,46.3,0
BUILD-11634,2,3,0,9.93,1,7.5,0,4.6,2.2,0.76,50.5,0
BUILD-11635,0,2,0,9.68,4,85.1,1,31.0,88.8,0.67,58.7,0
BUILD-11636,1,3,2,4.9,1,28.0,0,17.3,10.3,0.68,47.7,0
BUILD-11637,0,3,0,6.96,2,61.0,1,31.5,100.0,0.82,59.8,0
BUILD-11638,0,3,0,1.1,1,3.8,1,0.3,16.4,0.94,34.1,0
BUILD-11639,3,2,0,4.41,5,77.1,2,49.1,67.5,0.78,96.8,1
BUILD-11640,2,1,0,8.09,1,11.2,0,8.5,94.9,0.84,61.1,1
BUILD-11641,0,0,0,5.05,1,41.1,0,33.0,36.2,0.83,19.7,0
BUILD-11642,0,0,0,7.03,2,81.7,1,35.8,73.4,0.78,41.4,0
BUILD-11643,2,1,1,7.46,2,69.5,0,8.6,35.1,0.66,47.7,0
BUILD-11644,0,0,1,2.53,2,0.6,0,5.6,30.5,0.69,16.6,0
BUILD-11645,1,2,2,8.76,2,40.3,0,7.6,20.2,0.66,54.2,0
BUILD-11646,2,3,0,4.6,1,4.2,1,12.3,82.1,0.96,77.2,1
BUILD-11647,0,2,0,2.1,2,67.3,0,8.4,25.7,0.91,32.8,0
BUILD-11648,2,2,0,8.65,4,96.9,3,33.7,28.3,0.79,99.1,1
BUILD-11649,1,1,0,4.18,4,65.5,0,21.0,99.9,0.96,62.9,1
BUILD-11650,1,0,0,7.5,4,22.4,0,26.9,32.7,0.94,46.4,0
BUILD-11651,1,1,0,5.48,4,35.5,1,2.4,42.3,0.96,52.9,0
BUILD-11652,1,2,0,3.82,1,97.7,0,43.1,99.0,0.61,46.5,0
BUILD-11653,0,3,0,8.1,6,22.4,0,8.5,36.9,0.86,48.6,0
BUILD-11654,0,1,1,5.84,4,56.2,0,18.0,36.6,0.8,38.5,0
BUILD-11655,1,1,1,3.91,2,40.0,0,3.6,82.8,0.87,54.4,0
BUILD-11656,0,1,0,1.1,1,76.8,1,6.8,31.2,0.63,26.4,0
BUILD-11657,0,1,0,8.95,1,86.7,0,33.3,23.4,0.85,42.3,0
BUILD-11658,3,2,0,0.35,2,34.1,2,34.6,42.3,0.7,71.5,1
BUILD-11659,1,0,0,8.63,4,66.0,1,33.8,70.1,0.92,73.6,1
BUILD-11660,2,3,0,3.6,2,54.9,0,27.6,4.3,0.9,59.8,0
BUILD-11661,1,2,0,6.39,1,27.8,0,47.6,37.4,0.61,30.8,0
BUILD-11662,1,2,1,9.22,4,27.2,0,25.4,34.6,0.59,46.1,0
BUILD-11663,0,1,1,1.52,1,53.9,0,22.5,24.5,0.86,34.7,0
BUILD-11664,0,2,1,5.67,3,15.4,1,12.4,65.4,0.78,47.9,0
BUILD-11665,1,3,3,7.64,6,81.1,0,4.9,29.0,0.78,90.2,1
BUILD-11666,1,1,1,7.58,0,6.9,2,27.4,60.7,0.88,76.2,1
BUILD-11667,0,3,1,5.26,3,9.5,0,15.7,50.4,0.93,48.9,0
BUILD-11668,1,0,0,6.25,3,34.2,0,26.2,21.7,0.62,22.0,0
BUILD-11669,0,3,0,7.58,2,11.8,0,10.3,26.7,0.78,34.6,0
BUILD-11670,1,3,0,8.41,0,47.6,0,41.9,17.1,0.91,60.2,1
BUILD-11671,0,2,2,7.62,4,40.0,2,50.0,5.7,0.94,91.7,1
BUILD-11672,0,1,1,3.54,6,72.2,1,16.1,61.9,0.64,45.7,0
BUILD-11673,2,1,0,9.97,3,95.3,0,42.1,67.3,0.55,52.5,0
BUILD-11674,1,2,0,4.35,3,75.4,2,43.6,16.6,0.62,49.8,0
BUILD-11675,0,1,0,0.24,1,17.9,2,49.8,61.5,0.97,55.1,0
BUILD-11676,1,3,0,3.63,1,93.6,1,17.1,98.2,0.73,64.1,1
BUILD-11677,0,4,0,1.28,2,39.2,2,37.8,7.4,0.71,47.8,0
BUILD-11678,0,3,0,1.21,2,47.4,1,11.4,49.0,0.51,28.3,0
BUILD-11679,0,1,0,2.82,2,42.2,1,31.2,73.3,0.53,27.1,0
BUILD-11680,1,1,0,0.53,2,28.1,0,35.2,4.6,0.83,30.4,0
BUILD-11681,1,1,1,6.89,2,89.5,0,37.1,77.8,0.79,60.8,1
BUILD-11682,1,1,0,0.74,4,33.2,1,10.4,98.0,0.79,54.0,0
BUILD-11683,0,1,0,2.03,2,57.9,2,42.4,8.8,0.56,29.8,0
BUILD-11684,2,1,0,0.93,0,24.0,1,21.0,82.2,0.68,48.6,0
BUILD-11685,0,1,0,0.63,2,79.7,2,10.8,37.9,0.91,52.6,0
BUILD-11686,0,1,0,2.68,2,77.4,0,27.1,14.4,0.59,19.3,0
BUILD-11687,0,4,0,5.72,3,29.6,1,43.2,49.3,0.94,62.3,1
BUILD-11688,0,0,0,9.65,2,68.2,1,48.4,7.2,0.56,30.0,0
BUILD-11689,1,3,0,8.76,3,70.4,1,37.4,52.2,0.58,54.9,0
BUILD-11690,0,1,0,8.76,2,56.3,1,0.3,1.9,0.74,34.0,0
BUILD-11691,2,2,1,1.76,4,60.1,0,6.7,72.9,0.97,85.8,1
BUILD-11692,0,2,0,2.65,1,57.4,0,3.8,48.8,0.66,24.1,0
BUILD-11693,0,1,0,0.76,1,8.2,3,5.1,45.9,0.83,45.2,0
BUILD-11694,1,1,1,7.78,1,67.0,0,19.2,19.6,0.79,52.9,0
BUILD-11695,0,3,1,0.7,1,47.0,0,16.9,36.1,0.57,30.2,0
BUILD-11696,1,1,0,5.57,2,43.8,0,5.7,18.2,0.62,22.9,0
BUILD-11697,1,1,0,2.48,3,86.0,0,44.1,73.5,0.97,64.1,1
BUILD-11698,0,1,0,2.43,7,2.3,1,30.8,19.9,0.59,24.3,0
BUILD-11699,1,0,0,9.91,3,25.1,1,39.8,61.7,0.85,61.0,1
BUILD-11700,2,0,0,7.57,2,12.1,2,18.6,28.0,0.98,75.9,1
BUILD-11701,0,1,0,8.37,2,3.5,0,20.5,65.7,0.56,23.5,0
BUILD-11702,0,2,0,5.72,2,27.6,1,15.9,54.0,0.7,33.2,0
BUILD-11703,3,1,0,8.71,1,98.8,2,21.9,42.3,0.61,71.6,1
BUILD-11704,0,2,1,6.45,1,27.0,3,30.5,67.3,0.61,52.5,0
BUILD-11705,3,1,4,9.46,3,66.4,3,24.6,41.6,0.56,99.6,1
BUILD-11706,1,0,0,2.81,3,11.8,1,41.9,82.1,0.82,48.1,0
BUILD-11707,1,1,0,5.95,3,60.2,0,45.0,73.0,0.87,53.3,0
BUILD-11708,0,3,0,6.9,2,98.4,0,23.5,54.1,0.84,48.0,0
BUILD-11709,1,2,2,3.93,4,29.2,2,12.0,87.7,0.96,100.0,1
BUILD-11710,1,1,0,8.8,2,84.8,2,47.3,82.9,0.57,58.7,0
BUILD-11711,0,2,0,9.8,2,99.8,1,36.8,53.2,0.66,52.8,0
BUILD-11712,1,0,0,4.94,2,58.9,0,32.0,6.8,0.67,24.1,0
BUILD-11713,2,1,0,3.91,1,30.9,1,37.3,56.6,0.62,44.7,0
BUILD-11714,0,0,0,4.72,2,67.4,0,3.8,35.5,0.57,14.2,0
BUILD-11715,0,1,1,8.53,0,84.5,0,3.4,54.0,0.74,44.7,0
BUILD-11716,0,1,1,6.45,3,17.1,0,7.7,64.7,0.92,39.7,0
BUILD-11717,2,2,1,0.45,3,45.3,2,7.4,64.5,0.98,100.0,1
BUILD-11718,0,0,1,5.42,3,31.9,0,21.0,67.4,0.56,24.0,0
BUILD-11719,0,2,0,0.17,3,28.3,1,7.9,67.9,0.91,46.4,0
BUILD-11720,1,0,0,7.79,1,86.1,0,42.7,10.9,0.91,49.4,0
BUILD-11721,1,2,1,3.28,1,42.2,1,28.9,19.2,0.69,47.9,0
BUILD-11722,1,1,0,4.72,2,33.9,1,18.4,63.1,0.56,32.8,0
BUILD-11723,1,1,0,7.99,2,60.4,2,3.5,40.8,1.0,79.6,1
BUILD-11724,0,1,1,0.46,0,21.9,0,29.6,76.3,0.83,37.4,0
BUILD-11725,2,1,0,1.59,0,23.0,0,5.8,12.5,0.99,41.5,0
BUILD-11726,0,0,0,3.98,0,52.0,1,37.2,19.2,0.74,23.8,0
BUILD-11727,0,1,3,2.3,2,40.9,0,40.1,55.8,0.7,52.4,0
BUILD-11728,0,2,0,3.38,1,29.5,0,27.2,50.1,0.62,22.3,0
BUILD-11729,0,0,0,9.98,3,5.4,1,7.5,26.6,0.99,40.3,0
BUILD-11730,0,1,1,8.25,1,52.1,1,39.3,40.8,0.63,44.6,0
BUILD-11731,1,1,0,8.84,2,81.7,0,15.4,3.5,0.51,28.8,0
BUILD-11732,1,1,0,9.37,3,85.1,0,11.1,3.7,0.76,44.9,0
BUILD-11733,0,0,0,3.41,1,23.5,2,23.5,9.5,0.69,24.3,0
BUILD-11734,5,0,1,2.97,4,60.0,1,46.1,57.7,0.63,83.5,1
BUILD-11735,0,0,2,2.34,1,85.6,0,14.9,86.4,0.82,53.0,0
BUILD-11736,2,2,3,8.3,2,40.9,0,45.3,26.0,0.68,78.9,1
BUILD-11737,1,0,0,6.8,1,93.2,1,2.7,3.4,0.7,31.9,0
BUILD-11738,0,3,0,2.36,4,90.3,0,4.2,70.9,0.51,30.3,0
BUILD-11739,2,3,1,3.77,4,20.8,2,34.9,85.5,0.79,93.1,1
BUILD-11740,0,1,1,5.07,0,25.9,1,9.5,13.8,0.56,22.2,0
BUILD-11741,0,1,0,5.28,3,18.0,0,15.8,38.6,0.61,16.3,0
BUILD-11742,3,2,0,8.89,1,19.6,2,6.8,15.9,0.86,86.4,1
BUILD-11743,1,2,0,3.81,2,90.8,0,16.6,10.6,0.66,34.6,0
BUILD-11744,1,3,1,9.09,0,93.1,0,14.0,64.8,0.58,54.2,0
BUILD-11745,0,3,0,4.41,2,5.2,1,36.8,96.8,0.79,49.6,0
BUILD-11746,2,2,0,7.46,3,59.4,1,35.1,67.8,0.61,54.5,0
BUILD-11747,1,3,0,9.3,0,56.4,0,47.7,98.5,0.64,56.4,0
BUILD-11748,0,0,0,9.08,4,39.1,0,36.2,43.4,0.81,36.7,0
BUILD-11749,0,1,0,0.57,0,63.2,0,34.7,89.8,0.87,38.5,0
BUILD-11750,0,0,0,2.06,6,94.7,0,34.7,20.5,0.87,34.8,0
BUILD-11751,1,1,0,4.77,4,17.0,1,44.1,11.8,0.74,39.1,0
BUILD-11752,2,1,0,4.32,7,12.0,1,14.8,70.3,0.73,57.3,0
BUILD-11753,1,2,1,6.41,0,3.3,0,15.0,37.1,0.89,44.8,0
BUILD-11754,1,0,1,9.45,2,36.4,0,37.1,31.8,0.6,39.3,0
BUILD-11755,0,2,0,1.12,0,33.8,0,11.4,67.1,0.58,20.7,0
BUILD-11756,0,1,1,4.52,1,43.1,0,45.6,33.3,0.83,37.0,0
BUILD-11757,0,2,3,1.92,2,50.3,0,26.7,57.3,0.7,56.5,0
BUILD-11758,0,0,0,8.94,2,75.8,0,15.0,29.9,0.85,35.1,0
BUILD-11759,3,0,0,9.65,2,39.2,0,38.8,78.4,0.63,57.9,0
BUILD-11760,0,0,0,4.79,1,33.1,1,15.6,31.2,0.66,19.2,0
BUILD-11761,0,1,1,1.04,4,82.7,1,48.2,53.5,0.95,70.1,1
BUILD-11762,0,1,0,7.85,2,85.0,0,49.1,2.3,0.71,34.0,0
BUILD-11763,0,2,1,6.97,3,23.3,2,33.3,79.2,0.8,64.9,1
BUILD-11764,1,1,2,3.55,2,31.5,2,5.7,62.0,0.55,50.5,0
BUILD-11765,0,1,1,8.87,3,82.5,3,13.2,19.2,0.59,55.5,0
BUILD-11766,0,3,0,9.76,1,7.9,2,25.8,21.5,0.52,36.1,0
BUILD-11767,2,2,2,5.58,2,32.6,1,42.6,26.2,0.71,70.9,1
BUILD-11768,2,1,0,5.66,5,44.8,1,9.2,57.7,0.99,76.4,1
BUILD-11769,0,1,0,2.98,3,18.7,0,5.2,54.8,0.94,26.6,0
BUILD-11770,2,2,0,5.85,2,18.0,1,3.7,27.4,0.82,53.4,0
BUILD-11771,0,0,0,4.4,0,42.5,1,25.3,69.4,0.93,36.4,0
BUILD-11772,0,2,0,3.02,1,75.5,1,44.2,88.9,0.8,54.0,0
BUILD-11773,1,1,0,0.67,2,84.0,1,2.1,4.4,0.68,35.4,0
BUILD-11774,0,2,0,2.53,4,97.9,0,10.6,41.7,0.59,29.2,0
BUILD-11775,3,2,0,1.98,1,7.4,1,34.7,59.4,0.83,72.8,1
BUILD-11776,1,1,2,5.42,5,21.7,0,41.3,58.6,0.6,47.4,0
BUILD-11777,1,2,0,6.02,3,75.7,1,40.4,2.0,0.71,46.4,0
BUILD-11778,1,0,0,6.09,2,54.1,2,39.3,21.1,0.91,56.5,0
BUILD-11779,1,2,0,3.88,5,32.8,2,6.5,6.2,0.56,37.4,0
BUILD-11780,0,0,0,4.21,3,20.6,1,19.9,56.9,0.56,20.7,0
BUILD-11781,0,1,1,8.34,1,28.0,0,49.2,64.5,0.61,38.0,0
BUILD-11782,0,2,1,4.76,2,42.9,2,49.4,16.0,0.78,56.2,0
BUILD-11783,2,4,2,9.88,3,17.7,0,30.1,33.3,0.63,72.3,1
BUILD-11784,0,1,0,4.4,0,96.4,2,35.5,33.0,0.75,45.5,0
BUILD-11785,0,0,0,6.5,2,10.8,0,47.6,82.0,0.65,21.2,0
BUILD-11786,0,0,0,0.5,3,98.6,0,22.5,19.5,0.75,24.4,0
BUILD-11787,0,2,1,6.53,2,84.2,1,6.8,54.8,0.64,44.2,0
BUILD-11788,1,3,0,8.51,0,42.3,1,33.4,78.3,0.99,87.5,1
BUILD-11789,0,1,0,9.42,1,74.0,0,48.0,83.0,0.75,47.9,0
BUILD-11790,0,0,0,9.97,1,67.2,1,34.9,66.7,0.87,54.3,0
BUILD-11791,0,1,1,2.82,2,21.3,1,40.2,30.0,0.85,44.1,0
BUILD-11792,1,0,1,5.75,2,33.9,0,21.1,82.3,0.75,43.7,0
BUILD-11793,0,2,0,4.51,3,51.3,1,4.8,74.2,0.62,34.8,0
BUILD-11794,0,1,0,5.64,4,63.8,0,8.4,70.4,0.76,32.4,0
BUILD-11795,0,1,1,1.57,2,54.3,1,49.1,6.7,0.84,45.9,0
BUILD-11796,0,2,0,8.56,0,47.3,0,24.7,4.3,0.73,29.4,0
BUILD-11797,0,1,0,9.1,0,44.3,1,0.6,69.5,0.54,29.9,0
BUILD-11798,2,3,0,4.5,3,49.8,0,47.8,94.5,0.51,46.3,0
BUILD-11799,0,2,1,2.8,2,43.4,0,24.9,77.4,0.66,38.6,0
BUILD-11800,0,1,0,1.41,1,54.1,1,41.8,83.1,0.58,32.2,0
BUILD-11801,1,3,0,6.84,5,88.8,1,27.4,54.5,0.95,82.5,1
BUILD-11802,1,0,1,3.12,1,63.3,3,5.1,30.5,0.59,48.0,0
BUILD-11803,1,2,2,9.1,3,72.3,2,30.8,67.8,0.7,89.4,1
BUILD-11804,2,2,0,6.71,4,59.7,1,49.9,71.2,0.86,81.6,1
BUILD-11805,0,0,0,6.46,4,64.3,0,1.7,67.5,0.91,31.5,0
BUILD-11806,1,0,1,5.59,6,57.8,0,42.1,94.7,0.74,56.9,0
BUILD-11807,0,2,0,0.46,1,2.7,0,11.8,36.7,0.59,14.8,0
BUILD-11808,0,3,1,9.32,4,100.0,0,19.7,4.0,0.64,49.0,0
BUILD-11809,1,2,0,6.28,4,3.4,2,18.6,90.8,0.71,57.0,0
BUILD-11810,0,2,0,9.94,1,39.5,0,44.9,16.0,0.68,33.5,0
BUILD-11811,1,0,0,5.37,1,10.5,0,25.2,69.7,0.67,25.2,0
BUILD-11812,1,1,0,7.1,3,9.7,0,22.4,87.3,0.57,28.9,0
BUILD-11813,0,1,0,0.56,7,79.4,0,40.9,31.0,0.96,46.8,0
BUILD-11814,1,0,1,6.32,7,42.6,0,2.4,83.0,0.51,33.6,0
BUILD-11815,1,1,1,7.65,1,80.1,1,4.3,33.2,0.72,58.1,0
BUILD-11816,1,0,0,7.79,2,27.3,0,1.1,79.4,0.99,51.8,0
BUILD-11817,0,2,1,7.7,3,25.6,1,34.4,7.0,0.83,55.4,0
BUILD-11818,0,2,2,2.26,2,25.1,1,26.3,65.5,0.68,52.0,0
BUILD-11819,1,2,0,9.75,4,61.6,1,43.8,67.7,0.57,54.0,0
BUILD-11820,3,0,0,9.95,3,81.5,1,24.9,49.1,0.98,100.0,1
BUILD-11821,0,2,0,0.76,0,45.2,1,11.1,68.7,0.51,25.2,0
BUILD-11822,1,1,0,9.36,1,37.9,0,40.3,92.3,0.84,59.9,0
BUILD-11823,0,0,0,2.89,1,97.4,0,14.7,73.4,0.94,36.6,0
BUILD-11824,2,1,1,6.89,4,11.7,2,46.8,96.1,0.51,55.2,0
BUILD-11825,0,0,2,3.38,5,48.7,0,12.5,44.9,0.86,47.9,0
BUILD-11826,0,4,1,9.68,2,40.8,0,8.4,52.8,1.0,77.1,1
BUILD-11827,2,3,0,1.02,2,9.8,0,24.7,26.4,0.82,51.0,0
BUILD-11828,0,5,1,4.98,6,26.8,1,2.5,98.6,0.71,66.3,1
BUILD-11829,1,0,0,4.28,2,2.8,0,1.8,5.5,0.94,18.4,0
BUILD-11830,2,2,2,3.26,3,87.7,1,24.8,35.9,0.78,86.4,1
BUILD-11831,1,2,1,6.46,2,60.8,1,10.8,29.8,0.87,64.1,1
BUILD-11832,0,0,0,1.31,5,81.5,0,0.5,38.7,0.79,26.2,0
BUILD-11833,1,2,1,7.17,0,52.2,0,14.8,91.8,0.52,37.1,0
BUILD-11834,2,2,0,9.81,0,60.0,1,23.9,36.8,0.61,55.1,0
BUILD-11835,0,0,0,8.05,0,70.1,0,19.7,91.7,0.54,26.7,0
BUILD-11836,0,2,1,8.6,1,90.8,0,6.8,42.3,0.55,37.3,0
BUILD-11837,0,0,1,3.6,3,9.2,0,29.0,85.5,0.51,22.4,0
BUILD-11838,0,3,0,3.25,1,33.1,1,35.5,52.2,0.71,39.9,0
BUILD-11839,0,2,0,5.17,3,70.9,1,33.8,31.1,0.59,32.9,0
BUILD-11840,1,1,0,0.46,1,95.8,0,19.7,44.9,0.93,49.6,0
BUILD-11841,2,3,1,9.45,3,98.1,1,6.9,42.4,0.88,100.0,1
BUILD-11842,0,2,0,1.44,1,63.8,1,25.0,26.0,0.79,37.9,0
BUILD-11843,1,1,0,9.03,4,19.4,0,44.5,29.0,0.74,44.4,0
BUILD-11844,0,1,0,0.84,1,11.9,0,23.4,18.6,0.63,11.9,0
BUILD-11845,2,1,0,8.23,6,94.6,2,9.8,33.6,0.74,79.4,1
BUILD-11846,0,1,0,1.52,6,43.4,1,4.7,62.4,0.82,42.2,0
BUILD-11847,1,3,2,0.38,3,19.5,1,47.2,38.7,0.89,84.9,1
BUILD-11848,3,2,0,7.19,1,93.4,0,37.2,71.2,0.54,51.7,0
BUILD-11849,0,2,0,2.8,1,10.5,1,15.6,98.7,0.85,44.3,0
BUILD-11850,1,2,0,7.14,2,73.0,1,14.8,37.7,0.87,57.4,0
BUILD-11851,1,0,1,5.55,2,62.5,0,44.8,46.3,0.78,47.0,0
BUILD-11852,0,1,0,1.09,0,8.8,2,8.9,16.4,0.61,21.8,0
BUILD-11853,4,0,1,9.32,2,33.9,0,26.8,39.2,0.77,81.4,1
BUILD-11854,2,2,0,4.52,1,15.0,0,35.7,72.7,0.75,50.5,0
BUILD-11855,1,2,0,7.34,5,60.4,0,19.8,21.7,0.74,41.0,0
BUILD-11856,1,3,0,5.01,1,47.7,1,2.0,18.2,0.73,43.0,0
BUILD-11857,0,0,1,6.04,1,0.4,1,11.4,37.6,0.56,20.2,0
BUILD-11858,0,3,0,3.03,2,97.6,1,45.1,81.9,0.59,46.3,0
BUILD-11859,0,1,3,2.0,0,35.0,2,26.2,62.4,0.55,50.3,0
BUILD-11860,0,0,0,5.43,1,25.8,0,40.8,95.8,0.62,21.9,0
BUILD-11861,0,1,1,4.4,3,22.2,1,27.8,90.5,0.63,40.8,0
BUILD-11862,0,1,2,3.9,0,15.9,1,47.2,15.1,0.62,35.7,0
BUILD-11863,2,0,1,6.73,4,99.9,3,45.5,4.3,0.61,66.8,1
BUILD-11864,0,1,0,6.91,1,29.5,0,24.1,39.9,0.87,23.4,0
BUILD-11865,1,4,0,0.46,0,40.6,3,15.9,52.2,0.91,86.0,1
BUILD-11866,2,1,1,3.39,4,87.1,0,30.1,51.6,0.66,57.4,0
BUILD-11867,0,1,0,4.12,3,64.2,1,33.7,13.4,0.65,28.9,0
BUILD-11868,1,2,0,0.97,1,36.9,1,24.9,12.5,0.92,49.4,0
BUILD-11869,2,1,1,2.36,3,89.8,2,41.1,4.7,0.81,81.0,1
BUILD-11870,0,0,2,0.52,2,75.0,0,9.2,85.1,0.65,41.0,0
BUILD-11871,0,1,0,9.96,3,22.8,0,16.7,94.8,0.86,47.8,0
BUILD-11872,1,0,2,7.37,1,64.4,0,34.3,11.6,0.67,41.3,0
BUILD-11873,1,1,0,0.87,1,92.2,1,12.3,21.3,0.79,45.3,0
BUILD-11874,2,1,1,0.2,2,49.6,1,22.0,9.0,1.0,76.6,1
BUILD-11875,1,2,0,7.19,1,73.4,2,48.2,87.8,0.65,60.2,1
BUILD-11876,0,1,1,4.39,6,97.1,0,31.3,95.9,0.97,72.8,1
BUILD-11877,1,1,1,7.87,3,69.0,0,47.5,26.2,0.66,51.5,0
BUILD-11878,0,2,1,9.23,5,10.2,0,36.1,30.4,0.77,49.4,0
BUILD-11879,0,2,0,5.99,1,24.5,0,36.2,36.3,0.73,24.6,0
BUILD-11880,0,2,1,1.87,1,59.5,1,29.6,50.2,0.89,58.6,0
BUILD-11881,0,2,0,7.82,3,27.6,2,7.1,68.2,0.53,39.4,0
BUILD-11882,1,0,1,9.56,0,95.8,3,26.0,50.4,0.81,88.1,1
BUILD-11883,1,2,1,5.8,1,40.5,0,12.6,95.1,0.88,62.8,1
BUILD-11884,1,1,0,6.82,0,45.7,0,49.9,10.0,0.74,29.7,0
BUILD-11885,2,2,1,3.37,2,70.2,0,13.3,79.9,0.55,49.2,0
BUILD-11886,4,3,0,3.82,2,52.4,1,11.5,33.4,0.62,67.0,1
BUILD-11887,1,1,0,7.35,2,38.2,3,31.2,37.8,0.84,66.2,1
BUILD-11888,0,2,1,9.28,1,7.7,0,25.5,70.9,0.95,60.0,1
BUILD-11889,1,0,0,6.29,1,59.6,0,1.1,92.9,0.71,33.6,0
BUILD-11890,4,0,0,7.9,1,86.8,1,6.5,71.6,0.78,88.6,1
BUILD-11891,0,4,0,1.72,1,68.6,1,40.6,77.6,0.61,46.1,0
BUILD-11892,0,1,0,2.12,1,38.1,0,24.2,75.1,0.71,25.7,0
BUILD-11893,0,1,0,5.32,0,12.8,2,7.3,32.1,0.67,26.5,0
BUILD-11894,0,0,0,1.77,2,81.6,0,23.3,75.7,0.83,33.2,0
BUILD-11895,0,3,0,6.35,3,94.2,2,12.7,78.5,0.99,83.2,1
BUILD-11896,1,2,0,2.92,2,38.8,0,11.2,53.3,0.91,46.4,0
BUILD-11897,0,2,1,7.92,6,72.9,0,47.9,53.7,0.6,49.8,0
BUILD-11898,1,1,1,8.08,2,41.1,0,18.1,76.0,0.79,60.5,1
BUILD-11899,0,2,0,4.64,7,50.2,0,2.3,81.7,0.53,28.3,0
BUILD-11900,2,0,1,1.81,0,83.6,1,48.5,33.7,0.62,51.7,0
BUILD-11901,0,2,2,6.47,2,8.3,1,39.7,80.2,0.59,46.6,0
BUILD-11902,2,2,1,9.93,2,53.0,0,12.7,81.4,0.67,68.3,1
BUILD-11903,2,2,0,6.23,4,21.5,1,20.4,23.4,0.84,60.2,1
BUILD-11904,2,2,1,0.36,2,34.0,0,43.1,71.7,0.75,64.8,1
BUILD-11905,0,2,0,0.17,1,64.4,0,17.9,18.7,0.97,32.9,0
BUILD-11906,1,2,0,3.2,1,2.7,3,28.4,9.3,0.61,42.5,0
BUILD-11907,0,0,1,1.96,6,59.4,2,26.7,57.5,0.68,51.0,0
BUILD-11908,3,1,1,8.13,3,28.3,0,20.1,90.9,0.66,70.8,1
BUILD-11909,1,1,0,8.45,0,66.9,0,32.0,3.5,0.62,32.6,0
BUILD-11910,4,3,1,2.59,2,14.2,1,23.7,82.7,1.0,100.0,1
BUILD-11911,1,1,1,3.26,5,73.6,0,1.1,50.6,0.69,46.2,0
BUILD-11912,1,5,0,2.36,1,64.6,1,40.7,86.1,0.97,93.8,1
BUILD-11913,1,3,0,9.08,2,97.1,1,5.7,84.3,0.7,69.6,1
BUILD-11914,1,3,1,5.03,0,91.1,0,23.2,87.5,0.6,51.3,0
BUILD-11915,1,2,1,6.56,3,28.3,0,29.0,76.9,0.56,40.3,0
BUILD-11916,2,1,0,4.15,1,2.7,1,35.3,84.3,0.93,67.4,1
BUILD-11917,0,3,0,6.31,2,65.5,0,20.5,17.6,0.52,22.1,0
BUILD-11918,1,2,2,3.86,2,60.3,0,36.8,30.4,0.98,78.3,1
BUILD-11919,0,0,0,3.4,3,2.7,1,6.6,24.2,0.71,17.0,0
BUILD-11920,1,3,0,6.34,3,12.3,1,32.7,74.2,0.62,45.9,0
BUILD-11921,2,1,0,5.91,1,58.5,0,41.3,15.4,0.81,46.7,0
BUILD-11922,0,1,1,2.94,1,91.2,2,44.5,18.2,0.57,41.4,0
BUILD-11923,2,2,0,1.49,1,90.7,1,29.0,87.9,0.54,51.2,0
BUILD-11924,3,1,0,3.69,0,15.1,0,15.6,70.6,0.91,62.5,1
BUILD-11925,1,0,0,4.15,5,38.5,0,8.2,87.5,0.71,36.2,0
BUILD-11926,0,3,0,6.29,2,4.3,1,17.3,13.9,0.76,31.0,0
BUILD-11927,1,3,1,9.15,2,46.9,0,27.0,39.9,0.59,50.5,0
BUILD-11928,2,3,2,0.36,2,75.3,0,9.8,28.3,0.53,51.5,0
BUILD-11929,0,1,0,2.44,2,79.0,1,47.6,1.0,0.68,30.7,0
BUILD-11930,0,2,0,1.94,1,49.9,1,44.9,28.5,0.75,37.2,0
BUILD-11931,0,0,1,5.02,1,9.6,1,1.6,38.0,0.88,31.7,0
BUILD-11932,0,1,0,4.3,1,38.1,1,28.1,9.2,0.75,25.4,0
BUILD-11933,0,1,0,7.29,0,93.2,0,39.5,56.6,0.89,38.7,0
BUILD-11934,3,1,0,2.42,4,23.0,0,12.3,38.3,0.56,39.2,0
BUILD-11935,0,1,0,5.94,3,32.0,1,26.2,4.6,0.53,18.6,0
BUILD-11936,2,0,0,8.84,2,74.7,1,20.3,70.4,0.58,51.9,0
BUILD-11937,1,4,2,9.11,5,73.4,1,9.8,72.9,0.89,100.0,1
BUILD-11938,2,3,0,9.59,4,91.2,0,30.7,83.4,0.88,96.7,1
BUILD-11939,3,3,1,7.73,3,38.8,3,49.7,48.6,0.57,86.2,1
BUILD-11940,1,5,1,9.06,3,51.5,0,18.3,96.9,0.52,58.0,0
BUILD-11941,0,3,1,2.35,2,46.7,0,27.6,91.4,0.84,57.9,0
BUILD-11942,0,3,0,1.98,1,92.8,0,16.4,55.1,0.93,49.4,0
BUILD-11943,4,2,1,0.06,4,76.9,0,43.8,44.5,0.88,100.0,1
BUILD-11944,0,1,0,7.07,3,83.1,1,43.2,0.3,0.6,28.1,0
BUILD-11945,0,1,0,9.37,2,13.3,0,8.9,71.1,0.79,35.0,0
BUILD-11946,0,2,1,1.87,5,79.2,0,45.0,56.5,0.88,61.6,1
BUILD-11947,0,0,1,6.37,3,43.3,0,7.6,93.8,0.63,30.4,0
BUILD-11948,1,2,0,7.46,1,2.3,1,4.8,59.4,0.76,40.8,0
BUILD-11949,0,4,1,9.28,1,6.0,2,32.6,99.3,0.66,69.5,1
BUILD-11950,0,2,0,6.47,3,67.8,1,19.3,85.4,0.61,39.3,0
BUILD-11951,0,3,0,9.7,0,37.2,0,26.5,95.4,0.98,65.4,1
BUILD-11952,3,0,0,3.45,4,86.8,1,32.6,32.8,0.96,86.0,1
BUILD-11953,0,0,0,3.5,1,73.4,0,2.6,14.9,0.72,14.0,0
BUILD-11954,1,2,0,5.43,1,2.2,0,14.6,79.7,0.57,27.8,0
BUILD-11955,0,3,0,3.84,2,68.7,2,23.0,78.6,0.86,68.3,1
BUILD-11956,0,2,0,0.01,3,19.2,0,13.3,21.1,0.63,18.2,0
BUILD-11957,0,0,0,7.32,2,42.3,0,2.4,76.5,0.58,16.7,0
BUILD-11958,0,1,0,7.52,2,62.5,0,4.3,58.2,0.69,32.4,0
BUILD-11959,0,1,2,7.47,2,87.3,0,40.1,11.0,0.76,46.6,0
BUILD-11960,1,2,0,3.45,1,45.6,0,45.6,50.2,0.55,30.9,0
BUILD-11961,0,1,1,5.22,1,80.8,0,7.6,93.1,0.79,45.5,0
BUILD-11962,1,1,0,3.6,3,78.3,0,12.5,50.6,0.51,27.4,0
BUILD-11963,0,2,1,0.16,0,41.5,2,32.6,78.9,0.95,74.7,1
BUILD-11964,1,2,0,5.62,2,50.1,1,47.7,2.9,0.96,57.8,0
BUILD-11965,0,1,2,1.24,3,70.0,2,15.0,72.8,0.87,79.4,1
BUILD-11966,1,0,0,0.8,4,3.1,1,42.8,94.7,0.73,45.1,0
BUILD-11967,2,1,0,7.55,5,89.1,1,25.3,50.0,0.63,62.1,1
BUILD-11968,1,2,1,0.1,0,77.0,0,47.8,33.8,0.87,60.5,1
BUILD-11969,0,2,0,9.59,2,24.9,0,6.8,64.7,0.97,49.8,0
BUILD-11970,1,1,1,5.15,2,98.1,1,48.7,91.6,0.58,55.1,0
BUILD-11971,1,0,0,9.83,1,17.9,0,22.0,17.7,0.73,30.9,0
BUILD-11972,1,3,0,0.58,0,91.4,0,47.6,40.4,0.66,44.5,0
BUILD-11973,1,4,0,5.84,1,32.4,0,22.9,15.6,0.68,37.0,0
BUILD-11974,0,0,0,3.49,3,76.3,1,26.5,49.7,0.7,32.9,0
BUILD-11975,1,2,2,8.43,1,45.6,3,40.2,54.0,0.98,100.0,1
BUILD-11976,1,6,0,3.61,2,73.6,0,36.1,94.4,0.63,60.6,1
BUILD-11977,2,1,0,2.6,0,15.6,1,31.0,41.3,0.75,47.1,0
BUILD-11978,2,3,0,8.58,2,27.0,2,20.8,56.7,0.98,100.0,1
BUILD-11979,1,1,0,3.75,4,10.0,0,39.6,88.5,0.74,41.6,0
BUILD-11980,0,0,1,0.17,1,86.5,0,47.4,32.1,0.93,43.2,0
BUILD-11981,1,1,0,3.9,2,29.6,0,0.5,67.4,0.53,23.4,0
BUILD-11982,1,2,0,6.55,2,69.4,2,29.4,75.7,0.98,85.8,1
BUILD-11983,1,1,0,2.54,1,82.0,0,43.3,33.1,0.59,31.0,0
BUILD-11984,1,2,0,4.32,4,90.1,0,32.7,16.4,0.99,59.8,0
BUILD-11985,0,1,0,0.57,1,10.6,0,40.0,50.3,0.59,16.9,0
BUILD-11986,1,3,0,5.88,1,89.3,2,44.8,35.7,0.72,64.7,1
BUILD-11987,0,2,1,7.56,1,19.7,2,37.5,26.6,0.65,50.5,0
BUILD-11988,0,2,0,4.13,3,73.7,0,35.9,97.3,0.72,43.2,0
BUILD-11989,1,3,0,4.2,3,72.9,2,48.2,50.2,0.63,59.4,0
BUILD-11990,1,0,1,0.88,3,0.9,0,43.2,85.6,0.98,57.7,0
BUILD-11991,1,2,0,2.02,4,22.1,0,40.8,19.5,0.65,32.4,0
BUILD-11992,0,2,0,1.55,2,49.2,2,4.3,93.9,0.83,57.5,0
BUILD-11993,1,2,1,4.82,3,42.0,1,12.0,79.4,0.57,47.4,0
BUILD-11994,1,5,0,5.29,0,91.9,0,27.8,80.9,0.91,77.5,1
BUILD-11995,1,2,0,9.49,2,36.0,0,35.5,39.0,0.77,51.4,0
BUILD-11996,0,0,0,0.73,1,93.7,1,15.2,48.6,0.99,43.7,0
BUILD-11997,0,2,0,6.0,1,45.9,2,4.7,59.3,0.71,42.1,0
BUILD-11998,0,4,0,5.26,0,96.4,2,15.6,79.0,0.6,51.5,0
BUILD-11999,1,0,1,5.16,1,73.7,1,38.6,84.9,0.67,52.9,0
BUILD-12000,3,1,0,8.73,2,82.9,2,43.9,7.8,0.87,98.2,1
BUILD-12001,0,3,0,2.06,4,10.5,1,45.6,90.4,0.83,56.3,0
BUILD-12002,1,1,0,0.41,5,58.6,1,18.9,93.7,0.89,67.3,1
BUILD-12003,0,0,0,6.72,1,14.3,1,18.6,59.3,0.54,17.4,0
BUILD-12004,2,1,2,3.45,2,29.8,0,20.3,18.7,0.79,60.0,1
BUILD-12005,0,1,0,0.18,2,62.4,0,18.8,81.8,0.97,41.8,0
BUILD-12006,1,2,0,2.51,2,72.6,0,33.3,54.9,0.55,34.0,0
BUILD-12007,0,0,1,3.09,0,3.9,1,17.9,81.7,0.55,25.1,0
BUILD-12008,1,1,2,6.17,3,53.1,0,1.0,81.5,0.86,67.6,1
BUILD-12009,0,1,1,1.73,2,56.5,0,22.0,8.7,0.66,25.8,0
BUILD-12010,0,2,0,4.13,1,7.9,0,11.2,60.7,0.83,25.9,0
BUILD-12011,2,4,0,4.82,4,50.1,0,1.4,48.3,0.77,61.8,1
BUILD-12012,1,2,1,4.59,0,71.4,1,23.5,94.6,0.99,87.6,1
BUILD-12013,1,0,1,9.74,4,5.3,0,10.3,29.7,0.94,54.9,0
BUILD-12014,0,2,1,0.46,4,76.0,0,22.6,20.6,0.84,46.6,0
BUILD-12015,1,1,0,9.51,1,57.6,1,13.9,89.7,0.63,51.0,0
BUILD-12016,0,1,1,5.82,1,83.3,2,30.2,14.9,0.63,42.6,0
BUILD-12017,0,0,0,7.96,1,21.8,0,49.5,68.7,0.94,40.1,0
BUILD-12018,0,1,0,4.3,4,83.3,0,27.4,30.0,0.79,32.4,0
BUILD-12019,0,1,0,4.54,0,9.5,2,32.3,56.8,0.89,43.6,0
BUILD-12020,1,1,0,8.79,2,40.4,0,46.0,61.6,0.72,48.4,0
BUILD-12021,1,2,1,8.96,2,19.9,2,18.7,41.7,0.55,52.4,0
BUILD-12022,0,1,0,2.39,2,87.6,0,8.3,97.5,0.67,33.0,0
BUILD-12023,1,1,0,1.99,4,70.5,0,14.1,13.2,0.58,26.8,0
BUILD-12024,3,3,0,4.96,4,2.5,0,20.1,39.1,0.89,71.5,1
BUILD-12025,1,2,1,9.0,4,1.0,0,32.3,43.0,0.85,64.6,1
BUILD-12026,0,1,1,3.22,2,29.1,2,0.2,63.1,0.54,34.7,0
BUILD-12027,0,4,0,6.52,4,14.3,3,42.7,40.7,0.81,69.5,1
BUILD-12028,0,1,1,7.08,3,63.0,3,3.8,9.7,0.94,68.4,1
BUILD-12029,1,1,0,7.79,2,66.4,2,45.0,94.7,0.85,85.0,1
BUILD-12030,2,1,2,5.64,4,94.2,2,47.5,41.6,0.76,94.6,1
BUILD-12031,0,0,0,4.02,2,95.2,1,49.5,34.3,0.66,32.8,0
BUILD-12032,0,1,0,9.67,2,65.9,2,40.5,44.7,0.94,72.7,1
BUILD-12033,1,0,0,6.11,1,0.6,0,7.1,21.7,0.71,15.5,0
BUILD-12034,1,1,1,7.29,2,35.9,0,35.3,10.0,0.93,48.2,0
BUILD-12035,0,1,0,3.45,0,51.3,1,10.2,14.9,0.89,28.7,0
BUILD-12036,0,3,1,6.7,2,49.9,2,44.9,16.7,0.91,71.8,1
BUILD-12037,0,2,0,2.58,1,60.3,1,15.8,19.8,0.99,43.8,0
BUILD-12038,0,0,3,2.45,1,96.1,2,16.3,42.0,0.87,80.2,1
BUILD-12039,1,1,1,7.15,3,88.5,0,45.9,62.4,0.52,40.0,0
BUILD-12040,1,2,0,5.21,3,10.9,1,0.7,62.9,0.6,35.4,0
BUILD-12041,0,2,1,6.83,2,26.6,3,9.7,0.0,0.52,36.0,0
BUILD-12042,0,6,1,2.69,3,83.3,0,21.1,92.1,0.59,56.3,0
BUILD-12043,1,1,0,5.99,2,82.4,2,35.0,82.3,0.53,45.7,0
BUILD-12044,1,2,1,4.44,2,27.5,1,32.4,96.4,0.75,64.6,1
BUILD-12045,1,4,1,5.97,1,73.1,1,33.5,36.0,0.51,47.0,0
BUILD-12046,1,0,1,2.91,2,67.2,2,44.0,66.5,0.74,65.0,1
BUILD-12047,1,0,0,7.15,0,47.4,0,6.1,16.8,0.95,26.1,0
BUILD-12048,0,1,0,8.06,1,20.1,0,26.1,81.7,0.87,41.1,0
BUILD-12049,0,3,2,2.6,2,88.9,1,36.3,16.1,0.97,83.2,1
BUILD-12050,1,0,0,3.01,1,67.8,0,31.8,32.6,0.61,25.3,0
BUILD-12051,1,0,0,6.61,1,16.9,0,22.4,49.1,0.77,26.0,0
BUILD-12052,0,1,0,6.96,3,70.5,0,0.9,59.5,0.66,25.3,0
BUILD-12053,0,0,0,7.04,3,74.1,2,3.0,56.0,0.75,41.1,0
BUILD-12054,3,1,0,6.83,3,88.7,0,5.9,10.2,0.78,57.0,0
BUILD-12055,1,2,2,3.93,2,22.3,0,17.2,42.2,0.52,37.3,0
BUILD-12056,0,2,0,3.95,4,98.9,2,5.9,92.3,0.62,51.1,0
BUILD-12057,4,2,1,2.55,2,15.3,2,21.3,87.2,0.85,100.0,1
BUILD-12058,0,2,0,1.57,2,60.1,1,8.9,59.1,0.89,47.5,0
BUILD-12059,1,0,0,6.93,1,65.7,1,39.0,57.2,0.78,46.0,0
BUILD-12060,2,1,0,0.93,1,41.9,0,43.6,11.2,0.64,34.6,0
BUILD-12061,1,0,1,9.38,1,47.5,0,19.5,20.0,0.7,41.8,0
BUILD-12062,0,2,0,8.27,1,89.1,0,25.6,25.3,0.55,29.9,0
BUILD-12063,0,2,0,8.58,1,64.5,1,47.7,48.8,0.98,69.3,1
BUILD-12064,0,2,1,9.07,3,49.7,0,26.8,73.1,0.93,69.9,1
BUILD-12065,0,1,0,4.09,2,12.8,1,49.8,46.1,0.53,22.8,0
BUILD-12066,0,3,4,8.47,0,0.7,0,7.1,12.6,0.58,50.0,0
BUILD-12067,2,2,0,1.58,2,12.5,0,43.1,43.9,0.79,50.4,0
BUILD-12068,0,2,0,0.22,1,95.6,1,24.9,16.3,0.62,32.1,0
BUILD-12069,1,3,0,7.85,2,76.4,2,1.1,75.1,0.97,98.9,1
BUILD-12070,0,2,2,0.75,2,96.7,0,48.6,16.7,0.88,63.5,1
BUILD-12071,0,0,0,9.89,4,3.6,0,48.3,48.3,0.64,27.7,0
BUILD-12072,1,1,2,6.75,5,68.0,0,19.2,69.3,0.5,42.9,0
BUILD-12073,1,1,1,7.53,1,4.4,0,47.7,22.8,0.9,54.8,0
BUILD-12074,1,1,0,2.46,0,78.2,1,7.1,7.6,0.71,34.7,0
BUILD-12075,1,0,1,6.74,1,38.1,0,34.0,56.3,0.82,44.2,0
BUILD-12076,2,0,0,0.43,4,9.6,0,9.6,5.4,0.64,25.5,0
BUILD-12077,3,0,0,8.38,2,56.8,2,12.3,58.8,0.57,60.7,1
BUILD-12078,0,2,2,1.7,1,28.0,1,39.0,75.3,0.84,66.9,1
BUILD-12079,0,5,0,6.97,1,66.0,0,18.9,32.9,0.73,41.1,0
BUILD-12080,1,2,0,2.24,4,65.8,0,0.4,48.8,0.62,35.2,0
BUILD-12081,0,1,0,0.68,2,70.5,0,20.7,92.9,0.57,27.0,0
BUILD-12082,3,2,0,4.81,1,99.2,0,11.4,47.1,0.79,68.5,1
BUILD-12083,1,1,0,1.69,2,38.7,1,34.2,99.7,0.86,60.6,1
BUILD-12084,0,3,0,7.29,2,46.5,1,9.7,15.7,0.64,30.5,0
BUILD-12085,0,0,0,2.38,5,80.5,0,42.1,70.9,0.87,41.6,0
BUILD-12086,0,0,0,3.42,3,57.8,1,13.4,65.3,0.59,26.3,0
BUILD-12087,0,0,1,5.67,4,3.7,0,19.7,87.2,0.67,29.1,0
BUILD-12088,1,1,0,2.85,1,84.3,0,14.9,9.2,0.87,37.0,0
BUILD-12089,1,2,0,3.78,2,5.1,2,32.2,28.0,0.83,54.5,0
BUILD-12090,0,0,0,8.16,2,17.1,0,5.1,13.2,0.64,15.1,0
BUILD-12091,1,1,0,1.79,0,10.2,0,23.9,93.3,0.56,26.2,0
BUILD-12092,1,0,2,0.82,1,7.8,2,16.7,42.7,0.52,40.1,0
BUILD-12093,0,0,0,3.28,0,2.6,0,44.2,91.0,0.92,26.4,0
BUILD-12094,0,2,0,4.24,3,5.5,0,3.7,29.4,0.54,14.2,0
BUILD-12095,2,1,1,5.43,3,44.2,1,41.5,12.6,0.56,45.9,0
BUILD-12096,3,2,0,3.72,1,25.3,1,8.4,29.7,0.62,49.4,0
BUILD-12097,1,2,2,7.9,0,12.7,2,4.4,59.7,0.72,73.7,1
BUILD-12098,1,1,2,0.39,1,65.9,0,10.1,84.5,0.89,70.9,1
BUILD-12099,0,1,0,4.32,2,22.6,0,5.1,38.5,0.62,14.6,0
BUILD-12100,0,1,1,3.82,1,1.9,0,26.0,91.5,0.77,35.3,0
BUILD-12101,2,1,1,6.48,0,41.8,1,49.4,24.4,0.55,44.0,0
BUILD-12102,1,0,0,9.66,2,31.0,0,1.7,69.4,0.73,39.4,0
BUILD-12103,0,3,0,5.1,5,31.9,1,23.1,73.6,0.59,38.8,0
BUILD-12104,1,0,0,9.87,0,44.5,0,19.3,27.4,0.61,28.7,0
BUILD-12105,0,2,0,3.02,2,66.9,0,17.0,2.7,0.68,22.1,0
BUILD-12106,1,1,1,0.31,3,61.6,0,16.6,36.5,0.88,53.5,0
BUILD-12107,0,5,1,1.66,2,93.7,3,44.8,4.5,0.87,94.1,1
BUILD-12108,1,1,0,3.95,2,51.8,2,0.9,90.1,0.71,53.8,0
BUILD-12109,0,2,0,3.16,2,47.3,3,38.7,95.4,0.56,48.7,0
BUILD-12110,0,1,1,0.97,2,21.3,0,12.6,73.5,0.64,28.8,0
BUILD-12111,1,1,3,4.33,3,75.5,0,19.2,72.7,0.75,72.6,1
BUILD-12112,3,1,3,3.38,1,14.1,0,21.0,24.1,0.93,91.8,1
BUILD-12113,1,1,1,1.23,6,49.1,1,15.2,7.4,0.98,67.3,1
BUILD-12114,0,1,1,2.96,2,42.1,0,4.7,80.2,0.82,40.0,0
BUILD-12115,0,0,0,8.86,4,65.8,0,5.7,55.9,0.68,31.9,0
BUILD-12116,0,1,0,3.02,1,91.8,0,14.9,68.2,0.85,36.6,0
BUILD-12117,1,1,0,7.14,2,94.7,0,41.1,78.0,0.67,44.4,0
BUILD-12118,0,2,0,6.12,1,16.8,0,6.7,40.9,0.81,22.5,0
BUILD-12119,1,0,1,4.27,2,26.2,0,37.1,14.5,0.62,27.9,0
BUILD-12120,1,2,0,2.39,1,81.2,0,14.4,79.5,0.63,40.0,0
BUILD-12121,2,2,0,3.69,7,51.8,0,44.2,45.4,0.54,43.8,0
BUILD-12122,0,1,0,5.92,2,45.3,1,21.4,82.7,0.71,36.8,0
BUILD-12123,0,1,0,3.51,0,71.1,1,8.6,43.8,0.81,34.0,0
BUILD-12124,1,3,0,2.15,1,60.2,0,49.3,21.7,0.89,53.1,0
BUILD-12125,0,3,0,1.16,4,97.1,1,8.8,17.1,0.91,55.6,0
BUILD-12126,0,1,1,8.8,3,58.4,0,28.4,74.4,1.0,70.7,1
BUILD-12127,1,2,0,4.4,0,46.6,0,28.5,57.5,0.54,28.6,0
BUILD-12128,1,0,0,6.25,1,54.3,1,18.6,40.5,0.75,37.1,0
BUILD-12129,0,3,1,4.9,0,80.9,3,47.6,49.2,0.76,75.9,1
BUILD-12130,2,1,0,8.73,3,61.3,1,42.2,55.0,0.9,86.1,1
BUILD-12131,1,2,0,5.47,3,64.7,0,41.5,23.9,0.63,35.9,0
BUILD-12132,1,0,0,4.81,2,97.1,1,48.7,37.8,0.53,34.1,0
BUILD-12133,2,1,0,9.25,0,61.8,0,22.9,29.2,0.66,46.5,0
BUILD-12134,0,1,0,7.2,2,38.0,0,4.9,38.8,0.99,26.3,0
BUILD-12135,1,2,0,1.12,3,69.1,0,38.3,50.1,0.95,59.8,0
BUILD-12136,0,1,0,1.78,1,65.9,1,19.0,17.3,0.7,27.4,0
BUILD-12137,2,1,0,7.87,3,1.4,0,9.5,39.4,0.94,58.6,0
BUILD-12138,1,3,2,8.36,4,46.7,1,24.2,38.5,0.52,57.7,0
BUILD-12139,0,2,1,5.45,4,74.3,1,46.3,28.6,0.66,47.9,0
BUILD-12140,0,1,1,5.54,3,49.9,0,8.6,99.8,0.86,49.2,0
BUILD-12141,2,3,1,6.32,3,78.0,2,42.4,7.4,0.61,67.8,1
BUILD-12142,0,2,0,4.39,1,45.1,1,20.9,64.3,0.6,31.2,0
BUILD-12143,0,0,0,6.8,2,98.3,0,6.8,17.4,0.93,25.4,0
BUILD-12144,1,0,0,1.08,1,29.3,0,42.4,84.0,0.81,38.4,0
BUILD-12145,2,1,0,9.61,2,9.2,1,48.5,91.4,0.99,93.6,1
BUILD-12146,0,1,0,7.5,4,43.0,0,14.6,40.1,0.57,25.7,0
BUILD-12147,0,1,1,6.31,0,54.2,2,15.2,82.3,0.68,49.1,0
BUILD-12148,0,1,0,3.16,2,34.9,0,19.5,25.0,0.66,16.9,0
BUILD-12149,0,1,0,1.61,2,24.2,0,40.7,14.0,0.94,23.7,0
BUILD-12150,0,1,0,4.09,3,67.2,2,0.5,31.6,0.63,34.0,0
BUILD-12151,1,3,0,6.62,1,37.7,3,11.2,34.2,0.68,57.6,0
BUILD-12152,0,1,1,6.34,1,63.1,0,35.3,39.7,0.57,27.2,0
BUILD-12153,0,2,0,3.83,4,77.9,1,20.3,37.3,0.89,51.5,0
BUILD-12154,0,0,1,6.13,5,76.1,0,16.5,41.1,0.62,29.9,0
BUILD-12155,0,0,1,8.14,2,37.5,1,43.6,71.0,0.53,37.6,0
BUILD-12156,1,0,0,0.26,1,56.8,2,45.9,24.6,0.72,45.2,0
BUILD-12157,0,3,0,4.51,2,45.0,0,47.4,1.9,0.7,28.2,0
BUILD-12158,0,2,0,7.59,3,87.1,0,13.6,49.0,0.59,35.2,0
BUILD-12159,2,1,0,5.46,2,87.9,0,45.6,44.8,0.57,41.2,0
BUILD-12160,1,0,2,6.51,4,34.4,0,36.8,6.0,0.95,57.9,0
BUILD-12161,1,0,1,5.17,3,9.2,0,7.7,13.4,0.53,20.1,0
BUILD-12162,4,2,1,9.92,3,16.8,2,30.5,51.0,0.55,79.0,1
BUILD-12163,0,2,1,0.55,2,36.7,0,1.3,23.5,0.62,25.4,0
BUILD-12164,1,0,1,4.91,4,56.4,0,35.4,87.8,0.98,68.8,1
BUILD-12165,1,2,0,0.91,4,65.7,1,36.7,17.3,0.54,36.7,0
BUILD-12166,2,2,0,1.6,2,33.1,0,39.5,2.0,0.91,52.6,0
BUILD-12167,2,1,0,3.83,2,66.7,0,8.6,44.8,0.95,58.3,0
BUILD-12168,0,1,0,1.56,0,93.8,0,31.4,98.6,0.69,35.4,0
BUILD-12169,0,2,2,9.64,1,65.2,1,8.9,63.4,0.65,60.7,1
BUILD-12170,1,3,0,9.47,2,15.9,0,47.3,35.4,0.84,59.3,0
BUILD-12171,1,3,1,3.36,1,58.0,1,33.8,1.7,0.85,64.4,1
BUILD-12172,1,2,0,6.4,4,54.2,0,4.8,48.5,0.89,49.3,0
BUILD-12173,1,2,2,5.34,0,87.1,1,9.4,20.6,0.92,78.3,1
BUILD-12174,0,2,0,8.16,2,35.0,1,33.2,64.8,0.63,42.3,0
BUILD-12175,0,2,1,6.27,2,42.3,1,23.8,58.3,0.84,54.7,0
BUILD-12176,0,4,1,0.0,4,59.9,0,36.8,26.5,0.57,39.3,0
BUILD-12177,2,0,1,7.63,1,52.4,0,14.0,6.9,0.76,51.5,0
BUILD-12178,1,1,1,7.47,4,71.9,2,32.9,75.5,0.81,79.9,1
BUILD-12179,3,1,0,5.1,2,4.0,0,8.8,58.5,0.58,38.5,0
BUILD-12180,1,0,1,9.03,3,56.4,0,27.2,84.2,0.54,43.2,0
BUILD-12181,1,1,0,9.08,2,12.2,1,47.9,26.0,0.6,39.7,0
BUILD-12182,1,3,1,5.24,1,31.5,2,31.4,65.3,0.71,67.8,1
BUILD-12183,1,2,1,6.08,1,66.2,0,2.5,11.9,0.94,52.7,0
BUILD-12184,1,0,0,9.97,4,15.7,1,49.4,29.2,0.77,51.3,0
BUILD-12185,1,3,1,2.99,2,30.9,1,7.8,65.7,0.87,71.0,1
BUILD-12186,0,3,1,3.25,1,70.3,0,35.9,82.6,0.59,42.0,0
BUILD-12187,1,1,1,1.83,3,65.1,1,26.6,32.1,0.55,40.5,0
BUILD-12188,0,4,0,8.96,3,9.1,2,14.7,79.9,0.62,55.2,0
BUILD-12189,0,1,1,7.44,0,57.7,3,8.9,67.8,0.66,52.7,0
BUILD-12190,0,3,1,1.06,5,14.7,0,8.9,34.9,0.77,40.6,0
BUILD-12191,2,2,2,9.82,0,25.2,1,42.9,87.6,0.94,100.0,1
BUILD-12192,0,3,0,7.31,5,45.9,0,43.6,50.9,0.71,39.8,0
BUILD-12193,0,1,0,8.51,1,10.9,0,23.3,64.8,0.76,31.9,0
BUILD-12194,0,1,0,0.48,2,99.4,1,5.2,49.6,0.5,25.9,0
BUILD-12195,1,0,0,5.05,4,16.5,0,44.2,45.3,0.52,22.1,0
BUILD-12196,0,1,0,6.99,1,78.1,0,24.4,84.8,0.54,24.8,0
BUILD-12197,0,4,0,5.43,1,83.0,0,21.9,29.5,0.85,45.0,0
BUILD-12198,0,1,0,6.67,2,99.4,0,20.4,3.7,0.74,24.6,0
BUILD-12199,2,2,0,8.18,5,42.9,0,18.3,88.0,0.6,55.7,0
BUILD-12200,0,2,1,3.74,3,87.4,0,26.3,82.5,0.8,56.0,0
BUILD-12201,2,1,0,8.49,4,95.8,1,30.2,36.7,0.77,75.0,1
BUILD-12202,0,3,1,1.63,1,17.3,0,23.3,18.5,0.54,24.2,0
BUILD-12203,0,1,1,2.71,1,47.9,1,44.8,67.6,0.82,52.5,0
BUILD-12204,1,0,0,0.43,6,6.0,2,15.9,7.9,0.88,46.9,0
BUILD-12205,0,5,1,3.64,1,62.1,0,28.9,42.4,0.64,46.1,0
BUILD-12206,1,1,0,3.8,1,58.1,1,15.0,8.6,0.84,40.9,0
BUILD-12207,1,1,1,8.05,2,20.4,1,37.7,59.8,0.6,50.4,0
BUILD-12208,0,1,0,6.53,2,79.8,1,5.1,2.7,0.88,33.2,0
BUILD-12209,1,1,0,4.37,2,3.7,0,9.4,62.9,0.96,38.4,0
BUILD-12210,2,1,0,6.52,1,80.6,1,40.1,67.3,0.72,60.6,1
BUILD-12211,1,0,0,0.53,6,2.7,0,9.2,48.7,0.62,23.5,0
BUILD-12212,1,2,1,1.8,2,65.7,0,31.3,17.5,0.7,45.2,0
BUILD-12213,1,2,0,6.27,1,7.9,1,48.5,10.1,0.63,32.9,0
BUILD-12214,0,1,0,6.41,1,25.1,0,26.1,31.3,0.5,12.3,0
BUILD-12215,2,3,4,7.74,4,72.2,1,9.4,46.5,0.83,100.0,1
BUILD-12216,0,1,2,4.03,2,28.0,1,16.0,64.2,0.52,35.6,0
BUILD-12217,2,0,0,7.23,1,51.1,1,41.2,0.1,0.61,35.4,0
BUILD-12218,1,3,1,6.84,0,91.5,0,17.6,71.1,0.86,69.7,1
BUILD-12219,1,3,0,9.63,1,5.0,3,36.2,71.3,0.83,88.4,1
BUILD-12220,0,0,0,2.15,1,81.1,1,38.9,44.5,0.54,24.5,0
BUILD-12221,1,1,1,5.52,2,6.5,0,25.1,34.3,0.83,41.2,0
BUILD-12222,1,2,1,6.02,4,12.7,0,39.2,84.2,0.97,72.2,1
BUILD-12223,0,1,3,9.99,1,11.9,1,15.8,78.5,0.54,51.2,0
BUILD-12224,0,0,0,2.01,3,99.4,2,25.8,98.3,0.71,51.9,0
BUILD-12225,1,0,0,5.23,2,18.0,1,34.3,37.2,0.86,40.2,0
BUILD-12226,2,2,2,3.46,2,89.7,1,8.4,90.7,0.83,98.1,1
BUILD-12227,0,3,0,5.26,4,99.1,0,13.7,8.7,0.61,30.1,0
BUILD-12228,0,0,0,2.32,1,38.4,0,32.6,41.1,0.58,14.0,0
BUILD-12229,0,0,0,0.48,1,63.1,0,32.8,46.5,0.89,26.7,0
BUILD-12230,0,1,0,5.73,2,77.9,1,24.7,44.1,0.98,49.1,0
BUILD-12231,0,3,0,3.36,2,39.3,0,39.8,62.5,0.88,44.9,0
BUILD-12232,1,0,0,1.82,3,16.2,0,24.1,17.0,0.98,30.0,0
BUILD-12233,0,5,1,3.24,1,43.4,0,44.1,86.6,0.8,64.8,1
BUILD-12234,0,1,0,0.49,3,77.2,2,36.8,55.2,0.96,65.1,1
BUILD-12235,1,1,1,9.5,1,78.1,1,15.7,90.4,0.85,83.2,1
BUILD-12236,1,3,0,5.81,1,23.1,0,19.8,0.3,0.95,40.4,0
BUILD-12237,2,1,0,8.15,3,17.5,2,33.4,63.0,0.58,56.8,0
BUILD-12238,0,0,0,4.23,2,92.1,0,44.7,41.2,0.91,35.0,0
BUILD-12239,0,1,0,9.03,5,4.4,0,8.9,50.5,0.6,26.0,0
BUILD-12240,0,1,0,4.83,0,73.5,0,25.7,74.4,0.51,21.0,0
BUILD-12241,2,1,0,5.74,6,4.6,0,5.9,22.7,0.76,39.5,0
BUILD-12242,1,2,0,4.92,1,83.8,0,14.0,20.5,0.66,33.6,0
BUILD-12243,0,1,0,7.33,2,90.5,1,34.3,70.3,0.52,31.2,0
BUILD-12244,1,0,1,5.67,4,29.7,1,3.9,52.1,0.99,62.1,1
BUILD-12245,1,2,1,2.72,3,7.4,1,33.1,23.4,0.83,56.7,0
BUILD-12246,0,1,0,1.46,3,48.1,1,45.0,48.4,0.95,48.6,0
BUILD-12247,1,2,1,6.06,1,29.8,1,48.5,46.0,1.0,76.6,1
BUILD-12248,4,2,0,4.89,2,41.7,0,10.8,69.1,0.7,67.3,1
BUILD-12249,1,1,1,0.96,4,66.5,1,37.4,0.3,0.63,44.6,0
BUILD-12250,1,1,2,3.96,0,21.0,1,46.3,58.7,0.59,48.2,0
BUILD-12251,0,0,0,5.15,2,35.7,2,4.6,60.6,0.76,35.8,0
BUILD-12252,0,2,0,8.27,2,78.3,0,20.7,74.6,0.8,51.2,0
BUILD-12253,0,1,3,0.76,1,64.4,0,46.0,88.9,0.74,63.5,1
BUILD-12254,2,4,1,3.48,1,32.6,1,10.1,44.0,0.69,66.1,1
BUILD-12255,3,1,0,8.23,4,66.4,1,46.7,34.3,0.58,62.5,1
BUILD-12256,1,3,1,6.48,3,76.5,0,26.4,10.2,0.72,51.9,0
BUILD-12257,1,1,1,2.9,4,59.2,1,5.0,33.7,0.54,38.2,0
BUILD-12258,2,2,1,8.45,2,23.9,0,22.5,6.8,0.93,74.1,1
BUILD-12259,0,2,0,4.93,3,0.0,3,16.3,80.3,0.52,37.7,0
BUILD-12260,1,4,0,4.98,2,80.3,0,14.1,80.7,0.69,53.7,0
BUILD-12261,1,1,0,9.77,3,82.3,0,27.1,41.7,0.55,38.8,0
BUILD-12262,0,0,0,9.47,3,69.8,0,24.2,26.0,0.89,38.9,0
BUILD-12263,3,3,1,3.59,0,7.7,0,24.1,11.8,0.66,53.5,0
BUILD-12264,1,6,0,1.41,1,58.5,0,4.4,85.1,0.56,46.8,0
BUILD-12265,1,1,0,3.26,3,82.1,1,40.1,87.7,0.77,60.8,1
BUILD-12266,1,0,0,0.3,2,39.0,2,24.1,26.6,0.96,55.3,0
BUILD-12267,0,1,2,0.21,1,19.8,0,41.0,62.2,0.95,55.2,0
BUILD-12268,1,1,0,3.96,1,58.8,1,41.2,25.9,0.62,35.7,0
BUILD-12269,1,0,1,9.41,1,82.6,0,15.9,22.5,0.86,56.9,0
BUILD-12270,2,1,0,8.71,2,4.9,0,0.2,2.1,0.52,27.3,0
BUILD-12271,0,1,0,5.11,3,59.7,0,45.6,57.7,0.57,25.2,0
BUILD-12272,0,4,0,5.65,1,64.3,0,38.0,15.0,0.75,37.0,0
BUILD-12273,2,4,0,0.06,0,60.2,1,5.4,1.2,0.61,46.6,0
BUILD-12274,1,2,0,2.16,1,65.0,0,35.1,10.5,0.9,44.3,0
BUILD-12275,1,0,1,0.25,1,63.1,2,1.0,31.4,0.97,67.4,1
BUILD-12276,0,1,0,7.55,1,13.0,1,1.4,66.9,0.5,24.3,0
BUILD-12277,1,1,0,1.46,2,23.5,1,26.3,20.3,0.62,30.2,0
BUILD-12278,0,2,0,8.69,1,61.9,2,4.8,88.8,0.72,59.3,0
BUILD-12279,0,0,0,6.43,3,1.8,2,48.2,28.8,0.78,34.2,0
BUILD-12280,0,5,1,2.29,0,63.5,1,44.7,33.1,0.96,79.2,1
BUILD-12281,1,2,1,1.58,7,66.5,0,32.5,21.8,0.95,71.4,1
BUILD-12282,1,2,1,6.28,2,23.9,0,3.2,25.4,0.82,43.6,0
BUILD-12283,0,1,0,9.01,1,59.8,1,16.2,7.4,0.63,31.1,0
BUILD-12284,2,1,1,7.18,3,53.4,1,18.6,29.5,0.89,73.9,1
BUILD-12285,2,0,1,3.49,1,26.1,2,24.0,86.0,0.6,55.5,0
BUILD-12286,1,3,3,5.87,2,46.3,0,8.4,68.8,0.98,97.1,1
BUILD-12287,0,4,0,3.11,0,91.0,0,28.9,87.5,0.5,33.3,0
BUILD-12288,1,2,3,9.99,3,42.7,0,21.8,10.5,0.78,77.5,1
BUILD-12289,1,1,1,7.49,2,63.0,2,47.4,45.6,0.54,48.3,0
BUILD-12290,0,3,0,6.14,4,3.5,0,46.8,22.9,0.7,28.5,0
BUILD-12291,1,1,0,4.23,0,7.8,0,28.3,72.1,0.82,34.9,0
BUILD-12292,1,2,0,6.18,3,8.1,0,32.2,97.0,0.84,50.9,0
BUILD-12293,3,1,1,3.42,1,77.8,0,6.9,81.5,0.89,85.1,1
BUILD-12294,1,0,1,0.29,2,35.0,0,11.2,3.5,0.8,31.5,0
BUILD-12295,0,0,0,3.95,1,22.8,1,45.0,31.7,0.63,20.6,0
BUILD-12296,0,3,0,9.3,2,74.7,0,35.0,2.9,0.94,54.7,0
BUILD-12297,0,2,0,6.26,3,17.0,1,9.5,4.0,0.91,32.0,0
BUILD-12298,1,0,0,0.84,3,24.6,3,28.5,8.0,0.58,37.6,0
BUILD-12299,1,3,2,8.85,4,43.1,3,46.7,27.6,0.91,100.0,1
BUILD-12300,1,1,0,2.69,1,33.1,1,17.3,30.4,0.99,48.7,0
BUILD-12301,1,1,0,2.44,2,58.5,1,9.3,40.0,0.82,46.3,0
BUILD-12302,0,1,1,2.97,2,33.8,0,47.1,40.5,0.64,29.8,0
BUILD-12303,0,1,0,5.77,2,39.3,3,23.1,77.1,0.8,57.9,0
BUILD-12304,0,2,0,5.45,1,86.3,0,20.9,14.1,0.67,25.2,0
BUILD-12305,3,0,1,4.91,3,88.5,0,13.4,15.8,0.84,68.8,1
BUILD-12306,0,0,0,7.18,2,82.8,0,44.6,62.7,0.77,31.8,0
BUILD-12307,2,1,2,3.17,3,86.5,0,42.3,57.2,0.96,97.0,1
BUILD-12308,0,1,0,7.82,1,57.0,0,20.1,15.4,0.81,30.9,0
BUILD-12309,1,1,2,1.75,0,64.6,1,1.5,85.2,0.61,53.2,0
BUILD-12310,0,1,1,7.83,1,55.7,1,22.3,32.9,0.86,56.7,0
BUILD-12311,0,3,0,6.64,0,78.6,1,9.0,36.7,0.65,35.4,0
BUILD-12312,2,2,0,6.83,3,55.1,0,7.1,42.0,0.64,42.5,0
BUILD-12313,1,2,1,4.82,3,11.1,2,19.7,32.3,0.7,55.8,0
BUILD-12314,0,0,0,6.67,1,81.0,0,5.0,55.7,0.51,15.4,0
BUILD-12315,1,0,0,0.8,1,76.1,0,47.9,38.9,0.98,46.4,0
BUILD-12316,1,2,1,8.52,1,82.0,1,2.4,25.9,0.77,66.7,1
BUILD-12317,0,0,1,0.56,1,19.0,2,20.1,90.4,0.89,56.9,0
BUILD-12318,0,2,0,1.49,2,27.2,0,8.1,30.8,0.63,18.7,0
BUILD-12319,0,3,0,5.77,0,29.6,1,34.4,69.8,0.87,49.8,0
BUILD-12320,0,3,0,7.39,1,50.8,1,3.9,34.7,0.78,38.8,0
BUILD-12321,0,1,0,0.76,4,13.4,2,27.3,43.5,0.71,37.9,0
BUILD-12322,1,2,0,9.21,1,38.5,0,38.7,23.6,0.99,61.5,1
BUILD-12323,3,1,0,9.74,4,18.2,0,47.5,75.2,0.75,74.2,1
BUILD-12324,1,3,1,6.06,1,26.5,0,34.9,73.7,0.83,61.8,1
BUILD-12325,0,2,1,4.81,1,70.6,0,5.0,2.2,0.51,21.2,0
BUILD-12326,0,1,1,7.41,1,85.5,0,4.4,6.0,0.65,25.2,0
BUILD-12327,2,2,1,3.28,1,2.3,3,36.6,92.2,0.94,100.0,1
BUILD-12328,0,0,1,4.93,1,56.6,0,10.8,88.9,0.88,40.9,0
BUILD-12329,1,1,1,9.16,0,3.6,2,22.4,50.6,0.77,65.6,1
BUILD-12330,1,0,0,9.56,2,8.5,0,48.8,49.3,0.95,51.3,0
BUILD-12331,3,0,0,9.27,0,70.5,2,41.0,81.2,0.74,86.5,1
BUILD-12332,2,2,0,2.62,3,73.6,1,42.3,13.8,0.78,63.7,1
BUILD-12333,0,3,0,2.32,1,81.4,0,43.0,65.4,0.69,40.2,0
BUILD-12334,0,2,1,2.98,4,47.4,1,31.0,47.6,0.81,55.8,0
BUILD-12335,0,2,0,4.41,1,86.0,0,37.2,74.3,0.66,35.5,0
BUILD-12336,2,0,0,3.14,2,16.7,0,17.9,3.0,0.69,26.5,0
BUILD-12337,0,1,1,3.74,4,25.0,0,49.9,59.3,0.98,52.2,0
BUILD-12338,1,0,0,6.21,0,13.5,0,14.0,55.7,0.56,17.4,0
BUILD-12339,1,1,1,7.63,2,79.8,1,29.5,84.1,0.55,54.1,0
BUILD-12340,1,3,0,7.36,2,22.9,1,14.1,67.7,0.52,36.0,0
BUILD-12341,0,1,0,8.14,1,15.6,0,5.6,88.0,0.66,29.1,0
BUILD-12342,0,0,1,0.32,3,62.3,2,28.4,88.7,0.7,53.9,0
BUILD-12343,1,1,0,0.48,3,7.7,2,17.7,40.8,0.55,34.0,0
BUILD-12344,0,0,0,7.89,2,4.5,0,29.2,13.7,0.77,19.6,0
BUILD-12345,2,0,0,5.33,4,10.7,0,27.9,63.0,0.79,44.3,0
BUILD-12346,1,1,1,5.78,1,0.0,0,27.1,87.4,0.88,51.5,0
BUILD-12347,0,0,0,0.53,2,69.7,1,6.2,7.5,0.99,30.6,0
BUILD-12348,0,2,0,2.55,4,56.2,0,22.0,55.8,0.81,38.0,0
BUILD-12349,2,0,2,6.38,1,21.0,0,40.6,11.5,0.56,38.3,0
BUILD-12350,1,4,1,8.59,2,23.3,1,15.8,2.7,0.54,47.3,0
BUILD-12351,0,1,0,9.17,0,81.1,1,22.2,68.0,0.89,58.8,0
BUILD-12352,1,3,0,5.0,0,50.2,0,24.7,68.2,0.83,51.0,0
BUILD-12353,0,0,0,5.45,2,69.9,2,43.1,60.1,0.58,35.1,0
BUILD-12354,1,3,1,8.33,3,45.3,1,32.8,85.9,0.63,68.2,1
BUILD-12355,0,1,0,5.38,0,23.8,0,5.0,8.1,0.88,11.8,0
BUILD-12356,1,2,0,5.17,5,97.0,1,43.3,10.5,0.78,58.9,0
BUILD-12357,0,3,0,9.05,1,56.6,0,41.6,86.5,0.79,57.0,0
BUILD-12358,0,2,1,7.9,5,13.1,0,37.7,50.3,0.61,41.0,0
BUILD-12359,2,0,0,9.09,2,40.6,0,23.3,27.3,0.81,51.4,0
BUILD-12360,1,1,1,2.18,5,32.9,0,37.9,73.8,0.89,63.5,1
BUILD-12361,1,2,1,5.24,2,21.4,0,23.9,89.4,0.94,66.3,1
BUILD-12362,0,2,2,8.42,2,93.3,0,36.8,69.0,0.87,81.7,1
BUILD-12363,1,1,0,1.11,5,88.1,1,44.0,79.2,0.79,65.3,1
BUILD-12364,0,0,0,7.95,0,19.9,1,44.5,28.2,0.84,35.2,0
BUILD-12365,2,2,0,1.83,4,35.2,0,22.7,28.9,0.74,47.9,0
BUILD-12366,0,3,0,8.08,2,76.2,0,43.0,86.4,0.61,46.6,0
BUILD-12367,0,5,0,6.12,4,20.9,1,5.1,61.5,0.94,64.2,1
BUILD-12368,1,1,1,1.93,1,59.2,0,5.1,23.4,0.77,39.7,0
BUILD-12369,2,1,0,4.73,4,70.0,0,27.4,52.4,0.8,56.8,0
BUILD-12370,0,1,0,6.82,3,65.4,0,32.6,68.6,1.0,45.3,0
BUILD-12371,0,1,0,6.34,6,70.6,2,7.6,21.9,0.99,58.9,0
BUILD-12372,0,4,1,4.27,1,70.7,2,23.6,65.5,0.79,74.2,1
BUILD-12373,1,1,1,8.99,2,96.5,1,4.7,4.2,0.52,42.3,0
BUILD-12374,0,3,0,5.19,1,34.6,0,30.1,30.4,0.7,27.6,0
BUILD-12375,1,0,0,5.06,1,87.9,1,42.8,67.4,0.97,64.1,1
BUILD-12376,1,1,1,0.62,3,2.2,0,36.9,14.9,0.64,31.2,0
BUILD-12377,4,1,0,9.22,3,28.8,0,18.9,22.2,1.0,95.1,1
BUILD-12378,1,1,0,1.77,1,4.9,1,49.7,87.9,0.54,33.8,0
BUILD-12379,1,1,1,5.28,2,65.1,1,33.1,67.4,0.78,62.9,1
BUILD-12380,0,3,0,8.04,3,10.1,0,40.8,49.9,0.76,43.6,0
BUILD-12381,0,0,0,2.15,5,84.6,0,33.5,21.1,0.63,22.8,0
BUILD-12382,0,3,2,5.27,0,64.7,1,49.5,34.1,0.97,81.4,1
BUILD-12383,0,2,1,2.41,1,2.9,2,41.1,57.4,0.81,56.8,0
BUILD-12384,1,1,0,7.6,2,71.5,1,26.0,15.5,0.62,42.5,0
BUILD-12385,0,3,2,5.64,5,86.2,0,18.3,48.2,0.69,57.5,0
BUILD-12386,1,1,0,8.56,2,66.1,2,34.1,40.9,0.86,75.1,1
BUILD-12387,2,2,1,8.95,1,3.1,1,29.5,47.7,0.65,62.5,1
BUILD-12388,1,1,1,6.49,3,85.8,1,31.5,10.6,0.94,69.3,1
BUILD-12389,0,0,0,7.25,1,73.2,0,17.2,10.6,0.58,12.3,0
BUILD-12390,2,1,0,5.49,0,37.8,0,21.4,96.4,0.63,41.5,0
BUILD-12391,0,1,0,3.84,2,32.9,0,27.9,97.9,0.57,24.4,0
BUILD-12392,0,0,0,6.48,2,48.0,0,42.0,42.6,0.55,16.5,0
BUILD-12393,0,1,0,9.08,2,86.7,0,38.1,78.9,0.65,42.2,0
BUILD-12394,0,1,2,4.17,1,25.2,1,5.9,65.6,1.0,64.6,1
BUILD-12395,1,3,0,3.14,2,10.1,0,12.3,11.7,0.55,23.7,0
BUILD-12396,2,1,0,3.88,3,86.5,2,1.3,29.7,0.61,51.7,0
BUILD-12397,1,1,0,4.35,4,2.6,0,0.4,31.4,0.64,22.4,0
BUILD-12398,1,1,0,0.74,1,91.1,0,11.2,59.6,0.81,43.8,0
BUILD-12399,2,1,0,4.98,0,30.6,1,40.0,58.0,0.87,61.7,1
BUILD-12400,1,1,0,4.94,3,50.8,0,45.2,92.4,0.88,56.2,0
BUILD-12401,2,3,0,5.88,2,13.2,0,19.6,79.0,0.5,36.7,0
BUILD-12402,1,3,0,3.63,1,90.2,0,28.2,85.7,0.83,62.5,1
BUILD-12403,0,1,1,6.13,1,75.0,2,35.3,89.1,0.82,68.3,1
BUILD-12404,1,2,4,8.78,0,92.4,3,47.6,80.1,0.76,100.0,1
BUILD-12405,2,2,0,9.55,3,68.3,1,45.6,33.3,0.69,69.3,1
BUILD-12406,2,5,0,5.84,4,18.5,1,2.9,21.5,0.9,77.6,1
BUILD-12407,1,2,3,0.43,2,30.8,0,12.4,57.2,0.67,59.0,0
BUILD-12408,1,2,1,9.69,2,48.7,2,2.5,69.0,0.62,65.0,1
BUILD-12409,0,2,0,7.06,2,60.7,3,30.8,38.7,0.66,49.9,0
BUILD-12410,0,2,1,3.36,4,92.6,1,35.5,84.8,0.72,62.1,1
BUILD-12411,1,4,1,1.47,3,38.4,1,15.4,96.1,0.61,60.5,1
BUILD-12412,0,1,1,1.43,2,70.3,1,42.7,56.9,0.8,53.9,0
BUILD-12413,2,1,3,1.68,1,96.1,0,22.6,45.7,0.94,99.1,1
BUILD-12414,0,0,1,0.46,0,15.2,2,49.9,84.3,0.8,52.5,0
BUILD-12415,0,6,0,9.02,1,86.3,1,0.0,2.4,0.72,58.6,0
BUILD-12416,0,0,0,5.41,2,42.1,1,5.5,12.9,0.9,24.1,0
BUILD-12417,2,3,1,7.0,2,73.2,1,15.1,84.6,0.87,94.7,1
BUILD-12418,0,1,1,8.28,3,29.4,2,1.3,73.2,0.68,55.5,0
BUILD-12419,1,1,0,7.92,1,33.4,1,39.1,41.6,0.8,54.6,0
BUILD-12420,2,0,1,8.83,0,2.7,0,2.6,88.9,0.86,63.8,1
BUILD-12421,1,1,1,9.67,1,97.1,0,37.4,35.1,0.62,51.1,0
BUILD-12422,2,1,0,4.39,3,81.3,3,2.6,63.4,0.68,69.9,1
BUILD-12423,0,1,0,9.5,4,9.4,1,12.6,63.4,0.55,31.8,0
BUILD-12424,1,2,0,7.23,0,100.0,2,42.1,18.4,0.99,78.6,1
BUILD-12425,0,3,0,0.71,3,60.5,2,47.6,28.5,0.54,39.6,0
BUILD-12426,0,0,0,6.82,8,85.4,1,20.7,91.6,0.58,38.4,0
BUILD-12427,2,2,0,6.87,1,6.7,0,48.5,18.3,0.74,41.6,0
BUILD-12428,0,2,0,9.06,1,38.9,0,31.3,17.4,0.93,42.3,0
BUILD-12429,1,2,0,3.73,1,67.0,1,20.8,48.0,0.68,45.1,0
BUILD-12430,0,1,1,5.85,1,10.6,0,40.1,9.2,0.88,28.3,0
BUILD-12431,0,1,1,0.12,1,48.9,1,14.8,89.5,0.84,53.3,0
BUILD-12432,0,0,1,3.32,6,44.3,1,13.3,10.0,0.82,39.3,0
BUILD-12433,0,3,0,0.62,2,21.6,0,32.8,61.7,0.92,42.5,0
BUILD-12434,0,1,1,5.22,3,30.0,1,19.5,34.0,0.51,26.7,0
BUILD-12435,0,1,2,8.17,3,96.7,0,6.8,80.4,0.96,83.2,1
BUILD-12436,0,4,1,2.06,5,28.9,0,3.3,59.0,0.91,59.9,0
BUILD-12437,1,2,0,5.27,2,21.3,0,39.4,38.8,0.97,48.4,0
BUILD-12438,0,6,0,2.04,1,53.6,2,33.8,98.4,0.9,89.8,1
BUILD-12439,1,1,1,1.21,1,67.1,0,20.6,6.6,0.94,49.1,0
BUILD-12440,1,1,1,5.11,2,72.5,0,44.8,57.8,0.6,42.5,0
BUILD-12441,0,2,0,0.79,2,75.4,0,20.5,99.0,0.66,36.9,0
BUILD-12442,1,2,1,5.87,1,3.7,0,35.5,69.1,0.66,41.6,0
BUILD-12443,3,1,1,0.31,0,39.4,1,45.5,74.0,0.55,56.8,0
BUILD-12444,0,2,0,1.07,0,77.4,0,42.0,3.2,0.86,30.6,0
BUILD-12445,0,3,0,5.5,1,90.5,2,25.6,2.1,0.57,37.3,0
BUILD-12446,0,2,1,5.91,2,60.2,0,34.0,3.6,0.53,25.0,0
BUILD-12447,1,0,0,0.29,0,5.2,1,20.7,99.2,0.89,45.9,0
BUILD-12448,0,1,0,5.73,2,39.7,0,32.4,98.0,0.95,42.7,0
BUILD-12449,2,1,0,8.39,1,7.4,3,12.9,33.5,0.88,82.4,1
BUILD-12450,0,1,0,7.22,1,74.9,0,21.7,29.1,0.91,29.7,0
BUILD-12451,0,0,0,1.31,2,6.4,2,10.5,14.6,0.8,26.1,0
BUILD-12452,0,1,1,5.92,3,18.6,1,1.9,32.9,0.94,43.9,0
BUILD-12453,0,2,1,6.72,3,41.7,1,29.4,37.0,0.75,47.5,0
BUILD-12454,1,1,0,0.37,0,46.3,2,43.2,74.8,0.99,74.9,1
BUILD-12455,0,1,0,8.55,4,40.6,0,1.3,86.6,0.55,29.7,0
BUILD-12456,3,1,1,9.06,2,46.3,1,9.8,74.7,0.9,100.0,1
BUILD-12457,0,2,0,8.5,3,71.3,0,23.0,64.6,0.82,51.8,0
BUILD-12458,1,0,0,8.25,2,36.9,1,33.3,76.6,0.79,56.5,0
BUILD-12459,0,0,1,7.45,3,54.8,3,8.6,73.8,0.86,68.7,1
BUILD-12460,1,0,2,6.33,3,30.3,2,2.8,47.6,0.92,76.8,1
BUILD-12461,0,2,0,6.79,0,35.4,0,26.0,33.6,0.93,29.2,0
BUILD-12462,1,1,0,8.06,0,61.4,0,40.9,28.3,0.59,34.2,0
BUILD-12463,0,2,0,6.62,1,49.0,0,1.8,67.9,0.6,23.3,0
BUILD-12464,0,0,0,3.28,3,72.3,0,17.5,95.9,0.51,22.2,0
BUILD-12465,0,1,0,3.76,2,56.1,0,33.2,58.1,0.57,22.5,0
BUILD-12466,0,2,0,8.97,3,80.4,0,6.5,91.3,0.63,43.1,0
BUILD-12467,2,3,0,0.17,0,44.3,3,11.8,1.4,0.86,78.1,1
BUILD-12468,0,3,0,6.99,4,49.1,1,26.8,79.4,0.74,51.1,0
BUILD-12469,0,2,1,9.55,1,67.0,1,47.7,85.4,0.88,82.0,1
BUILD-12470,0,0,1,7.06,1,22.1,0,14.4,63.1,0.74,25.9,0
BUILD-12471,0,1,0,9.94,5,38.6,1,24.4,93.4,0.78,58.2,0
BUILD-12472,0,3,0,6.88,4,62.5,3,20.0,59.0,0.56,49.5,0
BUILD-12473,2,2,0,0.34,0,2.9,1,44.9,24.1,0.89,58.3,0
BUILD-12474,1,0,0,8.27,2,43.7,0,3.6,21.6,0.88,38.7,0
BUILD-12475,0,2,2,2.85,3,59.9,0,28.3,55.6,0.65,46.7,0
BUILD-12476,0,4,0,4.46,1,96.7,3,42.3,90.6,0.66,70.3,1
BUILD-12477,0,3,0,3.12,1,87.7,0,49.4,7.2,0.61,29.2,0
BUILD-12478,2,1,0,2.69,3,28.1,1,34.9,60.4,0.91,68.8,1
BUILD-12479,2,3,0,4.31,3,50.7,0,19.0,77.0,0.87,71.2,1
BUILD-12480,0,0,0,3.79,2,5.6,0,20.6,11.5,0.8,8.9,0
BUILD-12481,0,3,0,6.33,0,24.1,2,17.6,11.7,0.62,32.0,0
BUILD-12482,1,1,0,8.13,3,77.5,0,30.2,36.6,0.59,39.3,0
BUILD-12483,1,1,0,2.97,0,12.3,0,37.0,27.4,0.53,18.7,0
BUILD-12484,1,4,0,2.14,1,25.8,0,41.0,19.8,0.52,29.9,0
BUILD-12485,2,2,0,6.67,4,94.4,3,20.8,19.9,0.59,63.2,1
BUILD-12486,1,5,1,6.7,2,82.4,0,35.8,13.1,0.55,47.5,0
BUILD-12487,1,3,3,9.01,3,78.2,2,45.8,61.1,0.78,100.0,1
BUILD-12488,0,2,1,0.16,0,86.5,0,46.0,68.8,0.68,44.1,0
BUILD-12489,1,0,0,8.53,1,75.0,2,35.2,70.3,0.72,63.0,1
BUILD-12490,2,2,0,5.21,3,12.1,3,31.8,53.2,0.8,79.4,1
BUILD-12491,1,2,3,6.21,1,51.7,0,26.6,95.3,0.83,84.0,1
BUILD-12492,0,1,2,0.91,0,44.4,0,9.2,88.1,0.82,49.7,0
BUILD-12493,0,3,0,4.33,1,31.1,0,6.2,95.8,0.63,30.6,0
BUILD-12494,4,1,3,2.27,2,83.4,1,24.3,38.9,0.9,100.0,1
BUILD-12495,0,0,0,2.54,2,46.4,0,8.0,87.8,0.96,31.8,0
BUILD-12496,1,3,0,5.04,3,6.0,0,28.8,76.3,0.66,40.5,0
BUILD-12497,0,4,1,8.12,3,27.5,0,32.3,34.0,0.51,38.0,0
BUILD-12498,0,1,0,7.44,3,22.9,0,26.3,10.7,0.95,22.3,0
BUILD-12499,1,1,0,5.91,3,88.7,0,1.8,68.3,0.96,55.2,0
